-- Turno
insert into turno (servicio) values ('prueba');
insert into turno (servicio) values ('prueba2');
insert into turno (servicio) values ('prueba1');

-- mesas
INSERT INTO `MESA_MESAS` (id,mesa_nombre,mesa_ip) VALUES (1,'Mesa 1','10.3.5.11'),(2,'Mesa 2','10.3.5.12'),(3,'Mesa 3','10.3.5.13'),(4,'Mesa 4','10.3.5.14'),(5,'Mesa 5','10.3.5.15'),(6,'Mesa 6','10.3.5.16'),(7,'Mesa Especial','192.168.56.1'),(8,'rafa','10.3.12.57'),(9,'Mesa 7','10.3.5.17'),(10,'Mesa 8','10.3.5.18'),(11,'Mesa 9','10.3.5.19'),(12,'fct','10.3.5.181'),(13,'Coordinación','10.3.5.20');

--serv_servicios
INSERT INTO `SERV_SERVICIOS` (id,serv_nombre,serv_descripcion,serv_letra,serv_contador) VALUES (1,'Servicio Primera Acogida','SEPRACT',' ',67),(2,'Empleo','EMP',' ',24),(3,'Alimentos','ALM',' ',41);

-- cola_cola
INSERT INTO `COLA_COLA` (id,mesa_id,serv_id,cola_fecha,cola_numero) VALUES (1,1,2,'2017-04-12 12:52:54',70),(2,1,2,'2017-04-12 12:52:54',71),(3,1,2,'2017-04-12 12:52:54',72),(4,1,2,'2017-04-12 12:52:55',73),(5,1,2,'2017-04-12 12:52:55',74),(6,1,2,'2017-04-12 12:52:55',75),(7,1,2,'2017-04-12 12:52:55',76),(8,1,2,'2017-04-12 12:52:55',77),(9,1,2,'2017-04-12 12:52:55',78),(10,1,2,'2017-04-12 12:52:55',79),(11,1,2,'2017-04-12 12:52:56',80),(12,1,2,'2017-04-12 12:52:56',81),(13,1,2,'2017-04-12 12:52:56',82),(14,1,2,'2017-04-12 12:52:56',83),(15,1,2,'2017-04-12 12:52:56',84),(16,1,2,'2017-04-12 12:52:56',85),(17,1,2,'2017-04-12 12:52:56',86),(18,1,2,'2017-04-12 12:52:57',87),(19,1,2,'2017-04-12 12:52:57',88),(20,1,2,'2017-04-12 12:52:57',89),(21,1,2,'2017-04-12 12:52:57',90),(22,1,2,'2017-04-12 12:52:57',91),(23,1,2,'2017-04-12 12:52:57',92),(24,1,2,'2017-04-12 12:52:58',93),(25,1,2,'2017-04-12 12:52:58',94),(26,1,2,'2017-04-12 12:52:58',95),(27,1,2,'2017-04-12 12:52:58',96),(28,1,2,'2017-04-12 12:52:58',97),(29,1,2,'2017-04-12 12:52:58',98),(30,1,2,'2017-04-12 12:52:58',99),(31,1,2,'2017-04-12 12:52:59',0),(32,1,2,'2017-04-12 12:52:59',1),(33,1,2,'2017-04-12 12:52:59',2),(34,1,2,'2017-04-12 12:52:59',3),(35,1,1,'2017-04-12 12:53:01',45),(36,1,1,'2017-04-12 12:53:01',46),(37,1,1,'2017-04-12 12:53:01',47),(38,1,1,'2017-04-12 12:53:02',48),(39,1,1,'2017-04-12 12:53:02',49),(40,1,1,'2017-04-12 12:53:02',50),(41,1,1,'2017-04-12 12:53:02',51),(42,1,3,'2017-04-12 12:53:04',73),(43,1,3,'2017-04-12 12:53:04',74),(44,1,3,'2017-04-12 12:53:04',75),(45,1,3,'2017-04-12 12:53:04',76),(46,1,3,'2017-04-12 12:53:04',77),(47,1,3,'2017-04-12 12:53:04',78),(48,1,3,'2017-04-12 12:53:04',79),(49,1,3,'2017-04-12 12:53:05',80),(50,1,3,'2017-04-12 12:53:05',81),(51,1,3,'2017-04-12 12:53:05',82),(52,1,3,'2017-04-12 12:53:05',83),(53,1,3,'2017-04-12 12:53:05',84),(54,1,3,'2017-04-12 12:53:05',85),(55,1,3,'2017-04-12 12:53:06',86),(56,1,3,'2017-04-12 12:53:06',87),(57,1,3,'2017-04-12 12:53:06',88),(58,1,3,'2017-04-12 12:53:06',89),(59,1,3,'2017-04-12 12:53:06',90),(60,1,3,'2017-04-12 12:53:06',91),(61,1,3,'2017-04-12 12:53:07',92),(62,1,3,'2017-04-12 12:53:07',93),(63,1,3,'2017-04-12 12:53:07',94),(64,1,3,'2017-04-12 12:53:07',95),(65,1,3,'2017-04-12 12:53:07',96),(66,1,3,'2017-04-12 12:53:07',97),(67,1,3,'2017-04-12 12:53:07',98),(68,1,3,'2017-04-12 12:53:08',99),(69,1,3,'2017-04-12 12:53:08',0),(70,1,3,'2017-04-12 12:53:08',1),(71,1,1,'2017-04-12 13:12:37',52),(72,1,1,'2017-04-12 13:12:37',53),(73,1,1,'2017-04-12 13:12:37',54),(74,1,1,'2017-04-12 13:12:38',55),(75,1,1,'2017-04-12 13:12:38',56),(76,7,2,'2017-04-18 08:33:57',4),(77,7,2,'2017-04-18 08:34:04',5),(78,7,3,'2017-04-18 08:34:10',2),(79,7,3,'2017-04-18 08:34:11',3),(80,7,1,'2017-04-18 08:36:08',57),(81,7,3,'2017-04-18 08:36:12',4),(82,7,3,'2017-04-18 08:36:12',5),(83,7,3,'2017-04-18 08:36:14',6),(84,7,3,'2017-04-18 08:36:18',7),(85,7,3,'2017-04-18 08:36:19',8),(86,7,3,'2017-04-18 08:36:22',9),(87,7,3,'2017-04-18 08:36:23',10),(88,7,1,'2017-04-18 08:36:28',58),(89,7,1,'2017-04-18 08:36:29',59),(90,7,1,'2017-04-18 08:36:33',60),(91,7,2,'2017-04-18 08:36:35',6),(92,7,2,'2017-04-18 08:36:36',7),(93,7,2,'2017-04-18 08:36:38',8),(94,7,2,'2017-04-18 08:36:40',9),(95,7,2,'2017-04-18 08:36:42',10),(96,7,1,'2017-04-18 08:40:19',61),(97,7,1,'2017-04-18 08:40:21',62),(98,7,3,'2017-04-18 08:40:27',11),(99,7,1,'2017-04-18 08:40:29',63),(100,7,1,'2017-04-18 08:40:30',64),(101,7,3,'2017-04-18 08:40:34',12),(102,7,1,'2017-04-18 09:00:06',65),(103,7,2,'2017-04-18 09:00:18',11),(104,7,3,'2017-04-18 09:00:21',13),(105,7,3,'2017-04-18 09:00:21',14),(106,7,3,'2017-04-18 09:00:22',15),(107,7,3,'2017-04-18 09:00:22',16),(108,7,3,'2017-04-18 09:00:23',17),(109,7,3,'2017-04-18 09:00:24',18),(110,7,3,'2017-04-18 09:00:25',19),(111,7,3,'2017-04-18 09:00:25',20),(112,7,1,'2017-04-18 09:00:28',66),(113,7,1,'2017-04-18 09:00:29',67),(114,7,1,'2017-04-18 09:00:29',68),(115,7,1,'2017-04-18 09:00:30',69),(116,7,1,'2017-04-18 09:00:30',70),(117,7,2,'2017-04-18 09:00:32',12),(118,7,2,'2017-04-18 09:00:33',13),(119,7,2,'2017-04-18 09:00:34',14),(120,7,2,'2017-04-18 09:00:35',15),(121,7,2,'2017-04-18 09:02:02',16),(122,7,2,'2017-04-18 09:03:01',17),(123,7,2,'2017-04-18 09:03:06',18),(124,7,2,'2017-04-18 09:03:08',19),(125,7,2,'2017-04-18 09:03:10',20),(126,7,3,'2017-04-18 09:03:20',21),(127,7,3,'2017-04-18 09:03:25',22),(128,7,3,'2017-04-18 09:03:26',23),(129,7,3,'2017-04-18 09:03:27',24),(130,7,3,'2017-04-18 09:03:29',25),(131,7,3,'2017-04-18 09:03:31',26),(132,8,1,'2017-04-18 09:10:15',71),(133,8,1,'2017-04-18 09:10:16',72),(134,8,1,'2017-04-18 09:10:21',73),(135,8,1,'2017-04-18 09:10:28',74),(136,8,1,'2017-04-18 09:10:30',75),(137,8,2,'2017-04-18 09:10:38',21),(138,7,3,'2017-04-18 09:44:27',27),(139,7,3,'2017-04-18 09:44:32',28),(140,7,3,'2017-04-18 09:44:36',29),(141,7,2,'2017-04-18 09:44:40',22),(142,7,1,'2017-04-18 10:55:23',76),(143,7,1,'2017-04-18 11:07:29',77),(144,7,1,'2017-04-18 11:07:31',78),(145,7,1,'2017-04-18 11:11:45',79),(146,7,1,'2017-04-18 11:16:57',80),(147,7,1,'2017-04-18 11:16:59',81),(148,7,1,'2017-04-18 11:17:27',82),(149,7,1,'2017-04-18 11:17:28',83),(150,7,1,'2017-04-18 11:17:29',84),(151,7,1,'2017-04-18 11:17:30',85),(152,7,1,'2017-04-18 11:17:31',86),(153,7,1,'2017-04-18 11:17:32',87),(154,7,1,'2017-04-18 11:17:33',88),(155,7,1,'2017-04-18 11:17:34',89),(156,7,1,'2017-04-18 11:17:36',90),(157,7,1,'2017-04-18 12:46:34',91),(158,7,1,'2017-04-18 12:46:35',92),(159,7,1,'2017-04-18 12:50:04',93),(160,7,1,'2017-04-18 12:50:05',94),(161,7,1,'2017-04-18 12:50:45',95),(162,7,1,'2017-04-18 12:50:46',96),(163,7,1,'2017-04-18 12:50:47',97),(164,7,1,'2017-04-18 12:50:48',98),(165,7,1,'2017-04-18 12:50:59',99),(166,7,1,'2017-04-18 12:51:27',0),(167,7,1,'2017-04-18 12:51:29',1),(168,7,3,'2017-04-18 12:52:56',30),(169,7,3,'2017-04-18 12:53:05',31),(170,7,1,'2017-04-18 12:54:22',2),(171,7,1,'2017-04-18 12:59:12',3),(172,7,3,'2017-04-18 13:01:54',32),(173,7,1,'2017-04-18 13:25:33',4),(174,7,1,'2017-04-18 13:26:36',5),(175,1,1,'2017-04-18 13:36:04',6),(176,1,1,'2017-04-18 13:36:12',7),(177,1,1,'2017-04-18 13:36:23',8),(178,1,1,'2017-04-18 13:36:24',9),(179,1,2,'2017-04-18 13:36:26',23),(180,1,2,'2017-04-18 13:36:27',24),(181,1,2,'2017-04-18 13:36:36',25),(182,1,1,'2017-04-18 13:37:26',10),(183,1,1,'2017-04-18 13:37:27',11),(184,1,1,'2017-04-18 13:37:28',12),(185,1,1,'2017-04-18 13:42:50',13),(186,1,1,'2017-04-18 14:02:38',14),(187,1,1,'2017-04-18 14:05:23',15),(188,1,1,'2017-04-18 14:05:37',16),(189,1,1,'2017-04-18 14:06:05',17),(190,1,1,'2017-04-18 14:06:23',18),(191,7,1,'2017-04-18 14:06:31',19),(192,1,2,'2017-04-18 14:06:47',26),(193,1,2,'2017-04-18 14:06:49',27),(194,7,1,'2017-04-18 14:07:06',20),(195,1,1,'2017-04-18 14:07:24',21),(196,1,1,'2017-04-18 14:07:46',22),(197,1,1,'2017-04-18 14:07:47',23),(198,7,1,'2017-04-18 14:08:14',24),(199,7,1,'2017-04-18 14:09:04',25),(200,7,1,'2017-04-18 14:09:05',26),(201,7,2,'2017-04-18 14:09:09',28),(202,7,3,'2017-04-18 14:09:20',33),(203,7,3,'2017-04-18 14:09:22',34),(204,1,1,'2017-04-18 14:10:16',27),(205,1,1,'2017-04-18 14:10:17',28),(206,1,1,'2017-04-18 14:10:27',29),(207,1,2,'2017-04-18 14:10:29',29),(208,1,1,'2017-04-18 14:10:33',30),(209,1,1,'2017-04-18 14:10:53',31),(210,1,1,'2017-04-18 14:10:54',32),(211,1,1,'2017-04-18 14:11:00',33),(212,7,1,'2017-04-18 14:11:05',34),(213,1,2,'2017-04-18 14:11:11',30),(214,7,3,'2017-04-18 14:11:19',35),(215,1,2,'2017-04-18 14:11:24',31),(216,1,3,'2017-04-18 14:11:27',36),(217,1,3,'2017-04-18 14:11:30',37),(218,7,3,'2017-04-18 14:12:58',38),(219,7,3,'2017-04-18 14:13:24',39),(220,7,3,'2017-04-18 14:14:01',40),(221,7,1,'2017-04-18 14:16:34',35),(222,7,1,'2017-04-18 14:18:47',36),(223,7,1,'2017-04-18 14:19:05',37),(224,7,1,'2017-04-18 14:19:27',38),(225,7,1,'2017-04-18 14:20:19',39),(226,7,3,'2017-04-18 15:05:08',41),(227,7,1,'2017-04-18 15:05:14',40),(228,7,1,'2017-04-18 15:05:17',41),(229,7,1,'2017-04-18 15:15:03',42),(230,7,1,'2017-04-19 08:14:29',43),(231,7,1,'2017-04-19 08:14:32',44),(232,7,1,'2017-04-19 08:16:44',45),(233,7,1,'2017-04-19 08:21:08',46),(234,7,2,'2017-04-19 08:21:27',32),(235,1,1,'2017-04-19 08:46:57',47),(236,1,3,'2017-04-19 08:47:08',42),(237,1,3,'2017-04-19 08:47:17',43),(238,1,1,'2017-04-19 08:47:40',48),(239,1,1,'2017-04-19 08:48:40',49),(240,1,1,'2017-04-19 08:49:13',50),(241,1,1,'2017-04-19 09:00:36',51),(242,1,1,'2017-04-19 09:08:53',52),(243,1,1,'2017-04-19 09:15:26',53),(244,9,1,'2017-04-19 09:27:47',54),(245,11,1,'2017-04-19 09:35:26',55),(246,9,1,'2017-04-19 09:37:32',56),(247,5,1,'2017-04-19 09:41:54',57),(248,10,1,'2017-04-19 10:02:48',58),(249,3,1,'2017-04-19 10:37:10',59),(250,4,1,'2017-04-19 12:00:54',60),(251,4,1,'2017-04-19 12:12:20',61),(252,4,2,'2017-04-19 12:12:46',33),(253,11,3,'2017-04-19 12:16:41',44),(254,9,1,'2017-04-19 12:41:20',62),(255,7,3,'2017-04-19 12:45:42',45),(256,7,1,'2017-04-19 13:02:04',63),(257,7,1,'2017-04-19 13:02:10',64),(258,7,3,'2017-04-19 13:03:46',46),(259,12,1,'2017-04-19 13:20:11',65),(260,6,1,'2017-04-19 13:21:36',66),(261,6,1,'2017-04-19 13:22:52',67),(262,12,2,'2017-04-19 14:03:23',68),(263,12,3,'2017-04-19 14:11:50',68),(264,1,1,'2017-04-20 09:23:42',68),(265,1,1,'2017-04-20 09:23:47',69),(266,1,1,'2017-04-20 09:23:51',70),(267,1,1,'2017-04-20 09:23:59',71),(268,5,1,'2017-04-20 09:44:41',72),(269,10,1,'2017-04-20 09:52:12',73),(270,1,1,'2017-04-20 10:00:25',74),(271,1,1,'2017-04-20 10:01:28',75),(272,10,1,'2017-04-20 10:07:19',76),(273,10,1,'2017-04-20 10:26:20',77),(274,1,1,'2017-04-20 10:29:28',78),(275,10,1,'2017-04-20 10:29:57',79),(276,10,1,'2017-04-20 10:35:58',80),(277,10,1,'2017-04-20 10:43:29',81),(278,1,1,'2017-04-20 10:54:32',82),(279,10,1,'2017-04-20 11:00:35',83),(280,5,1,'2017-04-20 11:11:55',84),(281,10,1,'2017-04-20 11:33:34',85),(282,10,1,'2017-04-20 11:42:34',86),(283,1,1,'2017-04-20 11:44:50',87),(284,10,1,'2017-04-20 12:04:01',88),(285,5,1,'2017-04-20 12:06:59',89),(286,5,1,'2017-04-20 12:07:11',90),(287,5,1,'2017-04-20 12:07:21',91),(288,1,1,'2017-04-20 12:08:10',92),(289,10,1,'2017-04-20 12:12:18',93),(290,1,1,'2017-04-20 12:14:49',94),(291,1,1,'2017-04-20 12:17:50',95),(292,12,3,'2017-04-20 12:59:13',68),(293,12,3,'2017-04-20 13:43:53',69),(294,12,3,'2017-04-20 13:44:09',70),(295,12,3,'2017-04-20 13:44:16',71),(296,4,1,'2017-04-21 09:42:56',95),(297,4,1,'2017-04-21 10:04:12',96),(298,4,1,'2017-04-21 10:04:19',97),(299,4,1,'2017-04-21 10:04:25',98),(300,4,1,'2017-04-21 10:04:34',99),(301,5,1,'2017-04-21 10:04:52',0),(302,5,1,'2017-04-21 10:05:26',1),(303,4,1,'2017-04-21 10:07:01',2),(304,5,1,'2017-04-21 10:31:36',3),(305,4,1,'2017-04-21 10:40:53',4),(306,4,1,'2017-04-21 10:41:00',5),(307,4,1,'2017-04-21 10:41:14',6),(308,4,1,'2017-04-21 10:41:29',7),(309,7,2,'2017-04-21 12:51:38',0),(310,7,2,'2017-04-21 12:54:07',0),(311,1,3,'2017-04-21 13:05:05',0),(312,1,3,'2017-04-21 13:05:58',28),(313,1,2,'2017-04-21 13:06:15',51),(314,1,1,'2017-04-21 13:08:28',89),(315,1,2,'2017-04-21 13:08:42',22),(316,7,2,'2017-04-21 13:21:40',23),(317,7,2,'2017-04-21 13:23:01',24),(318,7,2,'2017-04-21 13:23:49',25),(319,7,2,'2017-04-21 13:23:53',26),(320,7,2,'2017-04-21 13:23:55',27),(321,7,2,'2017-04-21 13:23:57',28),(322,7,2,'2017-04-21 13:23:58',29),(323,7,2,'2017-04-21 13:24:00',30),(324,7,2,'2017-04-21 13:24:03',31),(325,7,2,'2017-04-21 13:24:05',32),(326,1,3,'2017-04-21 13:24:36',29),(327,1,3,'2017-04-21 13:24:51',30),(328,1,3,'2017-04-21 13:24:54',31),(329,12,3,'2017-04-21 13:30:21',32),(330,1,3,'2017-04-21 13:32:20',33),(331,1,3,'2017-04-21 13:32:23',34),(332,1,3,'2017-04-21 13:32:25',35),(333,1,3,'2017-04-21 13:32:27',36),(334,1,3,'2017-04-21 13:32:28',37),(335,1,3,'2017-04-21 13:32:31',38),(336,4,3,'2017-04-21 14:09:06',39),(337,9,3,'2017-04-21 14:14:28',40),(338,3,1,'2017-04-21 14:15:41',90),(339,11,1,'2017-04-21 14:17:30',91),(340,11,1,'2017-04-21 14:18:14',89),(341,10,2,'2017-04-21 14:19:27',33),(342,7,2,'2017-04-24 08:38:01',34),(343,4,1,'2017-04-24 09:01:10',90),(344,13,1,'2017-04-24 09:15:54',19),(345,13,1,'2017-04-24 09:25:02',19),(346,13,1,'2017-04-24 09:25:39',19),(347,5,1,'2017-04-24 09:25:55',20),(348,5,1,'2017-04-24 09:26:02',21),(349,4,1,'2017-04-24 09:29:47',22),(350,7,1,'2017-04-24 09:31:24',22),(351,6,1,'2017-04-24 09:39:57',23),(352,5,1,'2017-04-24 09:44:43',24),(353,5,1,'2017-04-24 09:45:19',25),(354,6,1,'2017-04-24 09:54:36',26),(355,4,1,'2017-04-24 09:59:11',27),(356,4,1,'2017-04-24 10:02:13',28),(357,4,1,'2017-04-24 10:05:47',29),(358,6,1,'2017-04-24 10:14:03',30),(359,4,1,'2017-04-24 10:14:53',31),(360,5,1,'2017-04-24 10:34:40',32),(361,5,1,'2017-04-24 10:34:52',33),(362,6,1,'2017-04-24 10:43:19',34),(363,4,1,'2017-04-24 10:44:07',35),(364,6,1,'2017-04-24 10:44:35',36),(365,5,1,'2017-04-24 10:52:07',37),(366,5,1,'2017-04-24 10:52:47',38),(367,5,1,'2017-04-24 10:53:04',39),(368,4,1,'2017-04-24 11:08:10',40),(369,4,1,'2017-04-24 11:08:16',41),(370,4,1,'2017-04-24 12:34:49',42),(371,4,1,'2017-04-24 12:43:31',43),(372,4,1,'2017-04-25 09:16:21',44),(373,4,1,'2017-04-25 09:19:54',45),(374,4,1,'2017-04-25 09:31:17',46),(375,4,1,'2017-04-25 09:36:22',47),(376,1,1,'2017-04-25 09:45:06',48),(377,4,1,'2017-04-25 10:07:06',49),(378,1,1,'2017-04-25 10:18:37',50),(379,4,1,'2017-04-25 10:23:52',51),(380,1,1,'2017-04-25 10:37:29',52),(381,4,1,'2017-04-25 10:44:31',53),(382,4,1,'2017-04-25 10:45:52',54),(383,1,1,'2017-04-25 10:49:53',55),(384,1,1,'2017-04-25 11:08:35',56),(385,4,1,'2017-04-25 11:09:35',57),(386,4,1,'2017-04-25 11:12:01',58),(387,1,1,'2017-04-25 11:27:41',59),(388,1,1,'2017-04-25 11:55:02',60),(389,4,1,'2017-04-25 12:01:23',61),(390,1,1,'2017-04-25 12:03:10',62),(391,10,1,'2017-04-25 12:09:51',63),(392,4,1,'2017-04-25 12:13:30',64),(393,1,1,'2017-04-25 12:22:32',65),(394,1,1,'2017-04-25 12:22:47',66),(395,4,1,'2017-04-25 12:25:20',67),(396,1,1,'2017-04-25 12:26:43',68),(397,10,1,'2017-04-25 12:57:41',69),(398,4,1,'2017-04-26 09:11:34',70),(399,6,1,'2017-04-26 09:22:17',71),(400,6,1,'2017-04-26 09:42:04',72),(401,4,1,'2017-04-26 09:43:23',73),(402,6,1,'2017-04-26 10:01:54',74),(403,4,1,'2017-04-26 10:16:07',75),(404,1,1,'2017-04-26 10:19:31',76),(405,6,1,'2017-04-26 10:29:28',77),(406,6,1,'2017-04-26 10:38:56',78),(407,4,1,'2017-04-26 10:41:16',79),(408,6,1,'2017-04-26 11:06:24',80),(409,4,1,'2017-04-26 11:09:16',81),(410,6,1,'2017-04-26 11:11:55',82),(411,4,1,'2017-04-26 11:19:15',83),(412,4,1,'2017-04-26 11:22:22',84),(413,4,1,'2017-04-26 11:28:58',85),(414,6,1,'2017-04-26 11:40:03',86),(415,4,1,'2017-04-26 11:56:29',87),(416,5,1,'2017-04-26 12:26:38',88),(417,5,1,'2017-04-26 12:27:13',89),(418,1,1,'2017-04-26 12:32:33',90),(419,4,1,'2017-04-26 12:35:38',91),(420,4,1,'2017-04-26 12:36:34',92),(421,4,1,'2017-04-26 12:51:46',93),(422,1,1,'2017-04-26 12:52:22',94),(423,4,1,'2017-04-28 09:40:46',95),(424,4,1,'2017-04-28 09:40:59',96),(425,4,1,'2017-04-28 09:59:18',97),(426,4,1,'2017-04-28 10:51:37',98),(427,4,1,'2017-04-28 12:37:07',99),(428,4,1,'2017-04-28 12:44:51',0),(429,4,1,'2017-04-28 13:02:16',1),(430,4,1,'2017-04-28 13:02:31',2),(431,4,1,'2017-04-28 13:02:31',3),(432,4,1,'2017-04-28 13:02:33',4),(433,4,1,'2017-04-28 13:02:36',5),(434,4,1,'2017-04-28 13:02:38',6),(435,4,1,'2017-04-28 13:02:40',7),(436,4,1,'2017-04-28 13:02:43',8),(437,4,1,'2017-04-28 13:02:45',9),(438,4,1,'2017-04-28 13:02:48',10),(439,4,1,'2017-04-28 13:02:50',11),(440,4,1,'2017-04-28 13:02:52',12),(441,4,1,'2017-04-28 13:02:55',13),(442,4,1,'2017-04-28 13:02:57',14),(443,4,1,'2017-04-28 13:02:59',15),(444,4,1,'2017-04-28 13:03:02',16),(445,4,1,'2017-04-28 13:03:04',17),(446,4,1,'2017-04-28 13:03:07',18),(447,4,1,'2017-04-28 13:03:09',19),(448,4,1,'2017-04-28 13:04:20',19),(449,10,1,'2017-05-02 09:27:45',20),(450,10,1,'2017-05-02 09:27:47',21),(451,4,1,'2017-05-02 09:34:03',22),(452,10,1,'2017-05-02 09:36:21',23),(453,1,2,'2017-05-02 09:37:01',24),(454,5,1,'2017-05-02 09:38:08',24),(455,5,1,'2017-05-02 09:38:47',25),(456,10,1,'2017-05-02 09:41:58',26),(457,10,1,'2017-05-02 09:48:03',26),(458,4,1,'2017-05-02 09:50:57',27),(459,4,1,'2017-05-02 09:51:08',28),(460,4,1,'2017-05-02 09:51:18',29),(461,10,1,'2017-05-02 09:58:11',30),(462,5,1,'2017-05-02 10:01:26',31),(463,5,1,'2017-05-02 10:01:33',32),(464,5,1,'2017-05-02 10:02:37',27),(465,1,1,'2017-05-02 10:16:14',28),(466,10,1,'2017-05-02 10:18:11',29),(467,5,1,'2017-05-02 10:26:09',30),(468,4,1,'2017-05-02 10:26:30',31),(469,1,1,'2017-05-02 10:28:50',32),(470,5,1,'2017-05-02 10:35:39',33),(471,1,1,'2017-05-02 10:45:12',34),(472,5,1,'2017-05-02 10:49:36',35),(473,10,1,'2017-05-02 10:53:23',36),(474,4,1,'2017-05-02 10:57:45',37),(475,4,1,'2017-05-02 10:58:29',33),(476,10,1,'2017-05-02 11:04:56',34),(477,10,1,'2017-05-02 11:05:35',35),(478,10,1,'2017-05-02 11:06:06',36),(479,10,1,'2017-05-02 11:06:09',37),(480,5,1,'2017-05-02 11:08:32',38),(481,10,1,'2017-05-02 11:16:53',39),(482,5,1,'2017-05-02 11:35:41',40),(483,4,1,'2017-05-02 11:45:43',41),(484,5,1,'2017-05-02 11:53:02',42),(485,1,1,'2017-05-02 12:06:12',43),(486,1,1,'2017-05-02 12:06:24',44),(487,1,1,'2017-05-02 12:06:41',48),(488,1,1,'2017-05-02 12:06:43',49),(489,1,1,'2017-05-02 12:07:05',47),(490,10,1,'2017-05-02 12:10:09',48),(491,4,1,'2017-05-02 12:12:11',49),(492,10,1,'2017-05-02 12:31:11',50),(493,4,1,'2017-05-02 12:35:21',51),(494,10,1,'2017-05-03 09:14:34',52),(495,10,1,'2017-05-03 09:26:07',53),(496,10,1,'2017-05-03 09:27:40',54),(497,10,1,'2017-05-03 09:44:49',55),(498,3,1,'2017-05-03 09:50:13',56),(499,3,1,'2017-05-03 09:53:17',57),(500,3,1,'2017-05-03 10:11:57',58),(501,10,1,'2017-05-03 10:23:26',59),(502,10,1,'2017-05-03 10:24:19',60),(503,10,1,'2017-05-03 10:24:21',61),(504,10,1,'2017-05-03 10:25:27',62),(505,10,1,'2017-05-03 10:30:53',63),(506,3,1,'2017-05-03 10:51:27',64),(507,3,1,'2017-05-03 10:57:29',65),(508,10,1,'2017-05-03 11:22:44',66),(509,10,1,'2017-05-03 11:22:45',67),(510,10,1,'2017-05-03 11:22:52',68),(511,3,1,'2017-05-03 11:26:00',69),(512,3,1,'2017-05-03 11:39:07',70),(513,3,1,'2017-05-03 11:46:20',71),(514,3,1,'2017-05-03 11:56:46',72),(515,3,1,'2017-05-03 11:56:47',73),(516,3,1,'2017-05-03 11:56:49',74),(517,3,1,'2017-05-03 11:56:51',75),(518,3,1,'2017-05-03 11:56:54',76),(519,10,1,'2017-05-03 12:11:13',77),(520,10,1,'2017-05-03 12:20:29',78),(521,3,1,'2017-05-03 12:36:58',79),(522,10,1,'2017-05-03 12:38:29',80),(523,10,1,'2017-05-03 12:40:17',81),(524,10,1,'2017-05-03 12:42:07',82),(525,10,1,'2017-05-03 12:43:33',83),(526,10,1,'2017-05-03 12:43:36',84),(527,10,1,'2017-05-03 13:04:07',85),(528,3,1,'2017-05-03 13:17:42',86),(529,10,1,'2017-05-04 09:22:42',87),(530,10,1,'2017-05-04 09:22:43',88),(531,10,1,'2017-05-04 09:22:46',89),(532,10,1,'2017-05-04 09:22:49',90),(533,10,1,'2017-05-04 09:22:53',91),(534,1,3,'2017-05-04 09:27:10',41),(535,10,1,'2017-05-04 09:35:42',92),(536,10,1,'2017-05-04 09:58:05',93),(537,10,1,'2017-05-04 10:10:34',94),(538,1,1,'2017-05-04 10:19:14',95),(539,1,1,'2017-05-04 10:19:26',96),(540,10,1,'2017-05-04 10:26:25',97),(541,10,1,'2017-05-04 10:57:27',98),(542,10,1,'2017-05-04 10:57:46',99),(543,10,1,'2017-05-04 10:57:50',0),(544,10,1,'2017-05-04 11:09:27',1),(545,1,1,'2017-05-04 11:33:34',2),(546,1,1,'2017-05-04 11:33:40',3),(547,10,1,'2017-05-04 11:34:27',4),(548,1,1,'2017-05-04 11:42:24',7),(549,10,1,'2017-05-04 11:54:24',8),(550,10,1,'2017-05-04 11:54:36',9),(551,10,1,'2017-05-04 11:55:27',10),(552,10,1,'2017-05-04 12:01:22',11),(553,1,1,'2017-05-04 12:10:31',12),(554,1,1,'2017-05-04 12:10:39',13),(555,10,1,'2017-05-04 12:36:28',14),(556,10,1,'2017-05-04 12:36:48',15),(557,10,1,'2017-05-04 12:36:56',16),(558,1,1,'2017-05-05 09:06:09',14),(559,1,1,'2017-05-05 09:22:41',15),(560,1,1,'2017-05-05 09:22:46',16),(561,1,1,'2017-05-05 10:03:26',17),(562,1,1,'2017-05-05 10:03:40',18),(563,1,1,'2017-05-05 10:03:54',19),(564,1,1,'2017-05-05 10:18:50',20),(565,1,1,'2017-05-05 10:20:04',21),(566,10,1,'2017-05-05 10:20:50',22),(567,1,1,'2017-05-05 10:44:52',23),(568,10,1,'2017-05-05 10:55:58',24),(569,10,1,'2017-05-05 11:34:55',25),(570,10,1,'2017-05-05 11:35:19',26),(571,10,1,'2017-05-05 11:37:29',27),(572,10,1,'2017-05-05 11:37:32',28),(573,10,1,'2017-05-05 11:37:35',29),(574,10,1,'2017-05-05 11:37:36',30),(575,10,1,'2017-05-05 11:37:41',31),(576,1,1,'2017-05-05 11:41:57',32),(577,1,1,'2017-05-05 11:42:20',33),(578,1,1,'2017-05-05 11:42:23',34),(579,1,1,'2017-05-05 11:42:56',33),(580,10,1,'2017-05-05 12:32:59',34),(581,10,1,'2017-05-05 12:33:13',35),(582,10,1,'2017-05-05 12:33:48',36),(583,10,1,'2017-05-05 12:33:50',37),(584,1,1,'2017-05-05 12:42:11',38),(585,1,1,'2017-05-05 12:42:19',39),(586,1,1,'2017-05-05 12:42:28',40),(587,1,1,'2017-05-05 12:44:49',41),(588,1,1,'2017-05-05 12:44:55',42),(589,10,1,'2017-05-05 12:47:37',43),(590,10,1,'2017-05-05 12:48:09',44),(591,10,1,'2017-05-05 12:48:15',45),(592,1,1,'2017-05-08 09:16:14',48),(593,1,1,'2017-05-08 09:25:00',49),(594,10,1,'2017-05-08 09:36:48',50),(595,10,1,'2017-05-08 09:51:27',51),(596,10,1,'2017-05-08 09:51:39',52),(597,10,1,'2017-05-08 09:51:48',53),(598,10,1,'2017-05-08 10:01:11',54),(599,10,1,'2017-05-08 10:01:29',55),(600,10,1,'2017-05-08 10:02:13',56),(601,10,1,'2017-05-08 10:02:16',57),(602,1,1,'2017-05-08 10:04:07',58),(603,1,1,'2017-05-08 10:14:40',59),(604,1,1,'2017-05-08 10:24:06',60),(605,10,1,'2017-05-08 10:24:48',61),(606,10,1,'2017-05-08 10:37:18',62),(607,10,1,'2017-05-08 10:37:38',63),(608,10,1,'2017-05-08 10:38:33',64),(609,1,1,'2017-05-08 10:45:03',65),(610,10,1,'2017-05-08 10:54:16',66),(611,10,1,'2017-05-08 10:55:37',67),(612,3,1,'2017-05-08 11:09:53',68),(613,6,1,'2017-05-08 11:45:27',69),(614,1,1,'2017-05-08 11:49:11',70),(615,1,1,'2017-05-08 11:49:32',71),(616,3,1,'2017-05-08 11:52:27',72),(617,10,1,'2017-05-08 11:52:53',73),(618,3,1,'2017-05-08 12:00:16',74),(619,3,1,'2017-05-08 12:03:58',75),(620,3,1,'2017-05-08 12:06:44',76),(621,10,1,'2017-05-08 12:07:44',77),(622,1,1,'2017-05-08 12:13:42',78),(623,1,1,'2017-05-08 12:16:49',79),(624,6,1,'2017-05-08 12:29:13',80),(625,10,1,'2017-05-09 09:28:37',81),(626,6,1,'2017-05-09 09:33:25',82),(627,10,1,'2017-05-09 09:38:53',83),(628,10,1,'2017-05-09 09:39:31',84),(629,10,1,'2017-05-09 09:41:05',85),(630,10,1,'2017-05-09 09:41:09',86),(631,1,1,'2017-05-09 10:10:59',87),(632,1,1,'2017-05-09 10:38:09',88),(633,10,1,'2017-05-09 10:39:09',89),(634,10,1,'2017-05-09 10:44:10',90),(635,10,1,'2017-05-09 10:57:55',91),(636,6,1,'2017-05-09 10:58:59',92),(637,6,1,'2017-05-09 10:59:43',93),(638,10,1,'2017-05-09 11:06:04',94),(639,6,1,'2017-05-09 11:30:56',95),(640,6,1,'2017-05-09 11:30:57',96),(641,6,1,'2017-05-09 11:30:59',97),(642,10,1,'2017-05-09 11:47:25',98),(643,10,1,'2017-05-09 11:47:40',99),(644,10,1,'2017-05-09 11:47:49',0),(645,1,1,'2017-05-09 12:02:09',1),(646,10,1,'2017-05-09 12:07:10',2),(647,10,1,'2017-05-09 12:17:16',3),(648,1,1,'2017-05-09 12:18:20',4),(649,10,1,'2017-05-09 12:35:07',5),(650,10,1,'2017-05-09 12:35:36',6),(651,1,1,'2017-05-09 12:37:52',7),(652,10,1,'2017-05-09 12:42:18',8),(653,10,1,'2017-05-09 12:42:34',9),(654,10,1,'2017-05-09 12:53:45',10),(655,1,1,'2017-05-09 12:55:43',11),(656,6,1,'2017-05-10 09:04:58',12),(657,3,1,'2017-05-10 09:05:15',13),(658,6,1,'2017-05-10 09:12:57',14),(659,6,1,'2017-05-10 09:18:03',15),(660,10,1,'2017-05-10 09:29:16',16),(661,10,1,'2017-05-10 09:29:21',17),(662,10,1,'2017-05-10 09:29:25',18),(663,10,1,'2017-05-10 09:29:29',19),(664,10,1,'2017-05-10 09:31:46',20),(665,6,1,'2017-05-10 09:36:54',21),(666,3,1,'2017-05-10 09:45:34',22),(667,3,1,'2017-05-10 09:45:43',23),(668,3,1,'2017-05-10 09:49:23',24),(669,6,1,'2017-05-10 09:54:51',25),(670,10,1,'2017-05-10 09:56:27',26),(671,10,1,'2017-05-10 10:01:07',27),(672,10,1,'2017-05-10 10:01:25',28),(673,6,1,'2017-05-10 10:12:26',29),(674,3,1,'2017-05-10 10:16:10',30),(675,6,1,'2017-05-10 10:16:32',31),(676,6,1,'2017-05-10 10:37:03',32),(677,10,1,'2017-05-10 10:41:42',33),(678,6,1,'2017-05-10 10:41:49',34),(679,10,1,'2017-05-10 10:42:17',35),(680,6,1,'2017-05-10 10:45:36',36),(681,4,1,'2017-05-10 10:45:49',37),(682,4,1,'2017-05-10 10:51:36',38),(683,4,1,'2017-05-10 10:59:32',39),(684,3,1,'2017-05-10 10:59:47',40),(685,1,1,'2017-05-10 11:06:17',41),(686,4,1,'2017-05-10 11:11:18',42),(687,3,1,'2017-05-10 11:14:46',43),(688,1,1,'2017-05-10 11:25:21',44),(689,4,1,'2017-05-10 11:30:36',45),(690,1,1,'2017-05-10 11:33:28',46),(691,6,1,'2017-05-10 11:37:16',47),(692,3,1,'2017-05-10 11:42:44',48),(693,4,1,'2017-05-10 11:45:54',49),(694,10,1,'2017-05-10 11:46:36',50),(695,10,1,'2017-05-10 11:46:53',51),(696,6,1,'2017-05-10 11:53:46',52),(697,1,1,'2017-05-10 11:55:49',53),(698,3,1,'2017-05-10 11:58:04',54),(699,4,1,'2017-05-10 12:13:53',55),(700,4,1,'2017-05-10 12:14:24',56),(701,10,1,'2017-05-10 12:18:21',57),(702,10,1,'2017-05-10 12:18:41',58),(703,3,1,'2017-05-10 12:35:13',59),(704,6,1,'2017-05-10 12:37:41',60),(705,1,1,'2017-05-11 09:24:57',58),(706,10,1,'2017-05-11 09:29:29',59),(707,4,1,'2017-05-11 09:37:16',60),(708,10,1,'2017-05-11 09:48:20',61),(709,1,1,'2017-05-11 10:09:51',62),(710,1,1,'2017-05-11 10:28:36',63),(711,10,1,'2017-05-11 10:28:57',64),(712,4,1,'2017-05-11 10:29:02',65),(713,10,1,'2017-05-11 10:43:01',66),(714,1,1,'2017-05-11 10:49:36',67),(715,4,1,'2017-05-11 10:56:02',68),(716,4,1,'2017-05-11 10:56:03',69),(717,4,1,'2017-05-11 10:56:05',70),(718,5,1,'2017-05-11 10:56:27',71),(719,10,1,'2017-05-11 10:57:26',72),(720,10,1,'2017-05-11 10:57:48',73),(721,1,1,'2017-05-11 11:45:00',74),(722,1,1,'2017-05-11 11:45:41',71),(723,4,1,'2017-05-11 11:46:55',72),(724,4,1,'2017-05-11 11:46:56',73),(725,4,1,'2017-05-11 11:46:58',74),(726,10,1,'2017-05-11 11:50:32',75),(727,10,1,'2017-05-11 11:51:25',76),(728,1,1,'2017-05-11 11:58:52',77),(729,1,1,'2017-05-11 12:34:21',78),(730,1,1,'2017-05-11 12:46:58',79),(731,1,1,'2017-05-12 09:14:56',81),(732,1,1,'2017-05-12 09:15:04',82),(733,1,1,'2017-05-12 09:15:21',81),(734,1,1,'2017-05-12 09:29:00',82),(735,1,1,'2017-05-12 09:35:56',83),(736,4,1,'2017-05-12 09:40:00',84),(737,1,1,'2017-05-12 09:40:22',85),(738,10,1,'2017-05-12 09:42:27',86),(739,10,1,'2017-05-12 09:54:39',87),(740,6,1,'2017-05-12 09:58:47',88),(741,1,1,'2017-05-12 10:54:06',89),(742,1,1,'2017-05-12 10:54:08',90),(743,1,1,'2017-05-12 10:54:09',91),(744,1,1,'2017-05-12 10:54:11',92),(745,1,1,'2017-05-12 10:54:14',93),(746,1,1,'2017-05-12 10:54:16',94),(747,1,1,'2017-05-12 10:54:19',95),(748,1,1,'2017-05-12 11:02:31',96),(749,1,1,'2017-05-12 11:44:49',97),(750,1,1,'2017-05-12 11:44:59',3),(751,1,1,'2017-05-12 11:50:30',4),(752,1,1,'2017-05-12 12:37:06',5),(753,1,1,'2017-05-15 09:01:27',8),(754,1,1,'2017-05-15 09:01:32',9),(755,3,1,'2017-05-15 09:16:29',10),(756,1,1,'2017-05-15 09:20:11',11),(757,3,1,'2017-05-15 09:27:56',12),(758,3,1,'2017-05-15 10:06:50',13),(759,3,1,'2017-05-15 10:08:07',14),(760,3,1,'2017-05-15 10:18:01',15),(761,10,1,'2017-05-15 10:20:33',16),(762,10,1,'2017-05-15 10:24:33',17),(763,10,1,'2017-05-15 10:25:20',18),(764,6,1,'2017-05-15 10:27:21',19),(765,3,1,'2017-05-15 10:28:45',20),(766,3,1,'2017-05-15 10:38:14',21),(767,6,1,'2017-05-15 10:46:04',22),(768,3,1,'2017-05-15 10:50:27',23),(769,10,1,'2017-05-15 10:52:00',24),(770,6,1,'2017-05-15 10:59:14',25),(771,3,1,'2017-05-15 11:13:43',26),(772,6,1,'2017-05-15 11:21:14',27),(773,10,1,'2017-05-15 11:34:04',28),(774,1,1,'2017-05-15 11:40:07',29),(775,1,1,'2017-05-15 11:40:13',30),(776,1,1,'2017-05-15 11:42:33',28),(777,1,1,'2017-05-15 11:52:59',29),(778,6,1,'2017-05-15 11:54:10',30),(779,10,1,'2017-05-15 11:57:01',31),(780,3,1,'2017-05-15 12:31:45',32),(781,10,1,'2017-05-15 12:42:45',33),(782,10,1,'2017-05-15 12:52:25',34),(783,3,1,'2017-05-15 13:00:24',35),(784,10,1,'2017-05-15 13:03:15',36),(785,10,1,'2017-05-15 13:07:50',37),(786,10,1,'2017-05-16 09:23:29',38),(787,10,1,'2017-05-16 09:23:34',39),(788,10,1,'2017-05-16 09:23:38',40),(789,10,1,'2017-05-16 09:23:41',41),(790,4,1,'2017-05-16 09:41:41',42),(791,1,1,'2017-05-16 09:51:34',43),(792,1,1,'2017-05-16 09:53:20',44),(793,4,1,'2017-05-16 10:01:27',45),(794,10,1,'2017-05-16 10:03:47',46),(795,1,1,'2017-05-16 10:20:08',45),(796,4,1,'2017-05-16 10:22:02',46),(797,4,1,'2017-05-16 10:44:10',47),(798,10,1,'2017-05-16 10:52:10',48),(799,4,1,'2017-05-16 11:01:26',49),(800,4,1,'2017-05-16 11:39:09',50),(801,4,1,'2017-05-16 12:03:51',51),(802,10,1,'2017-05-16 12:22:41',52),(803,4,1,'2017-05-16 13:15:38',53),(804,4,1,'2017-05-16 13:15:43',54),(805,6,1,'2017-05-17 09:09:44',55),(806,6,1,'2017-05-17 09:10:28',56),(807,6,1,'2017-05-17 09:10:29',57),(808,6,1,'2017-05-17 09:10:31',58),(809,6,1,'2017-05-17 09:10:33',59),(810,6,1,'2017-05-17 09:10:35',60),(811,3,1,'2017-05-17 09:11:55',61),(812,4,1,'2017-05-17 09:18:11',62),(813,4,1,'2017-05-17 09:18:17',63),(814,10,1,'2017-05-17 09:42:15',64),(815,10,1,'2017-05-17 09:43:00',65),(816,10,1,'2017-05-17 09:43:02',66),(817,6,1,'2017-05-17 10:03:10',67),(818,10,1,'2017-05-17 10:04:46',68),(819,4,1,'2017-05-17 10:07:10',69),(820,4,1,'2017-05-17 10:10:43',70),(821,6,1,'2017-05-17 10:17:08',71),(822,4,1,'2017-05-17 10:19:34',72),(823,3,1,'2017-05-17 10:30:14',73),(824,3,1,'2017-05-17 10:43:32',74),(825,6,1,'2017-05-17 10:43:42',75),(826,1,1,'2017-05-17 10:50:48',76),(827,1,1,'2017-05-17 10:50:49',77),(828,4,1,'2017-05-17 10:53:42',78),(829,4,1,'2017-05-17 10:54:34',79),(830,5,1,'2017-05-17 10:55:56',80),(831,6,1,'2017-05-17 10:56:08',81),(832,1,1,'2017-05-17 10:58:15',82),(833,3,1,'2017-05-17 10:59:34',83),(834,3,1,'2017-05-17 11:00:19',84),(835,3,1,'2017-05-17 11:00:20',85),(836,4,1,'2017-05-17 11:12:10',86),(837,6,1,'2017-05-17 11:19:40',87),(838,1,1,'2017-05-17 11:24:08',88),(839,4,1,'2017-05-17 11:24:49',89),(840,6,1,'2017-05-17 11:29:07',90),(841,3,1,'2017-05-17 11:33:42',91),(842,10,1,'2017-05-17 11:40:16',92),(843,1,1,'2017-05-17 11:45:27',93),(844,1,1,'2017-05-17 11:46:02',94),(845,6,1,'2017-05-17 11:49:53',95),(846,4,1,'2017-05-17 11:50:37',96),(847,10,1,'2017-05-17 11:51:21',97),(848,3,1,'2017-05-17 11:52:12',98),(849,10,1,'2017-05-17 12:08:58',99),(850,4,1,'2017-05-17 12:11:14',0),(851,6,1,'2017-05-17 12:26:12',1),(852,4,1,'2017-05-17 12:27:41',2),(853,3,1,'2017-05-17 12:31:56',3),(854,4,1,'2017-05-17 12:34:55',4),(855,6,1,'2017-05-17 12:35:00',5),(856,1,1,'2017-05-18 09:13:55',2),(857,1,1,'2017-05-18 09:14:02',3),(858,1,1,'2017-05-18 09:15:29',2),(859,1,1,'2017-05-18 09:16:15',1),(860,4,1,'2017-05-18 09:16:22',2),(861,4,1,'2017-05-18 09:16:50',3),(862,10,1,'2017-05-18 09:25:34',4),(863,1,1,'2017-05-18 09:34:14',5),(864,10,1,'2017-05-18 09:47:37',6),(865,4,1,'2017-05-18 09:54:05',7),(866,10,1,'2017-05-18 10:06:14',8),(867,10,1,'2017-05-18 10:07:03',9),(868,1,1,'2017-05-18 10:23:35',10),(869,10,1,'2017-05-18 10:27:59',11),(870,4,1,'2017-05-18 10:35:51',12),(871,10,1,'2017-05-18 10:45:11',13),(872,1,1,'2017-05-18 10:46:04',14),(873,1,1,'2017-05-18 10:46:05',15),(874,10,1,'2017-05-18 10:50:22',16),(875,10,1,'2017-05-18 11:37:11',17),(876,10,1,'2017-05-18 11:37:40',18),(877,4,1,'2017-05-18 11:53:16',19),(878,1,1,'2017-05-18 12:18:35',20),(879,10,1,'2017-05-18 12:25:48',21),(880,10,1,'2017-05-18 12:59:24',22),(881,1,1,'2017-05-19 09:10:20',23),(882,4,1,'2017-05-19 09:16:04',24),(883,1,1,'2017-05-19 10:04:18',25),(884,1,1,'2017-05-19 10:07:44',26),(885,1,1,'2017-05-19 10:08:04',27),(886,1,1,'2017-05-19 10:10:57',28),(887,1,1,'2017-05-19 10:11:13',29),(888,4,1,'2017-05-19 10:16:45',30),(889,1,1,'2017-05-19 10:22:34',31),(890,10,1,'2017-05-19 10:24:55',32),(891,10,1,'2017-05-19 10:25:25',33),(892,1,1,'2017-05-19 10:33:24',34),(893,1,1,'2017-05-19 10:33:35',35),(894,4,1,'2017-05-19 10:36:23',36),(895,10,1,'2017-05-19 10:39:48',37),(896,4,1,'2017-05-19 10:46:48',38),(897,1,1,'2017-05-19 10:51:22',39),(898,10,1,'2017-05-19 10:53:48',40),(899,4,1,'2017-05-19 11:21:08',41),(900,10,1,'2017-05-19 11:25:01',42),(901,10,1,'2017-05-19 11:26:31',43),(902,4,1,'2017-05-19 11:47:46',44),(903,10,1,'2017-05-19 11:56:43',45),(904,4,1,'2017-05-19 12:19:31',46),(905,6,1,'2017-05-22 09:05:43',47),(906,4,1,'2017-05-22 09:24:45',48),(907,4,1,'2017-05-22 09:24:48',49),(908,6,1,'2017-05-22 09:25:58',50),(909,6,1,'2017-05-22 09:29:54',51),(910,6,1,'2017-05-22 09:33:33',52),(911,10,1,'2017-05-22 09:36:56',53),(912,4,1,'2017-05-22 09:53:18',54),(913,4,1,'2017-05-22 10:02:23',55),(914,5,1,'2017-05-22 10:18:48',56),(915,5,1,'2017-05-22 10:19:01',57),(916,6,1,'2017-05-22 11:32:32',58),(917,6,1,'2017-05-22 11:32:40',59),(918,6,1,'2017-05-22 11:40:54',60),(919,5,1,'2017-05-22 11:44:21',61),(920,4,1,'2017-05-22 11:51:06',62),(921,6,1,'2017-05-22 12:19:39',63),(922,6,1,'2017-05-22 12:24:25',64),(923,1,1,'2017-05-23 08:59:58',68),(924,1,1,'2017-05-23 09:05:11',69),(925,4,1,'2017-05-23 09:14:21',70),(926,6,1,'2017-05-23 09:19:59',71),(927,6,1,'2017-05-23 09:30:35',72),(928,10,1,'2017-05-23 09:33:51',73),(929,1,1,'2017-05-23 09:35:39',74),(930,6,1,'2017-05-23 09:54:38',75),(931,10,1,'2017-05-23 10:05:48',76),(932,6,1,'2017-05-23 10:21:28',77),(933,1,1,'2017-05-23 10:25:06',78),(934,10,1,'2017-05-23 10:38:11',79),(935,10,1,'2017-05-23 10:45:04',80),(936,4,1,'2017-05-23 10:45:40',81),(937,10,1,'2017-05-23 10:53:22',82),(938,10,1,'2017-05-23 10:54:13',83),(939,6,1,'2017-05-23 10:58:47',84),(940,4,1,'2017-05-23 11:02:36',85),(941,4,1,'2017-05-23 11:22:53',86),(942,6,1,'2017-05-23 12:18:02',87),(943,6,1,'2017-05-23 12:34:07',88),(944,3,1,'2017-05-24 09:08:17',89),(945,3,1,'2017-05-24 09:29:31',90),(946,4,1,'2017-05-24 09:41:44',91),(947,5,1,'2017-05-24 09:42:52',92),(948,3,1,'2017-05-24 10:06:01',93),(949,5,1,'2017-05-24 10:16:19',94),(950,5,1,'2017-05-24 10:17:14',95),(951,5,1,'2017-05-24 10:17:16',96),(952,3,1,'2017-05-24 10:25:23',97),(953,3,1,'2017-05-24 10:25:28',98),(954,3,1,'2017-05-24 10:26:28',99),(955,3,1,'2017-05-24 10:26:29',0),(956,3,1,'2017-05-24 10:27:31',1),(957,4,1,'2017-05-24 10:32:36',2),(958,5,1,'2017-05-24 10:33:23',3),(959,5,1,'2017-05-24 10:38:30',4),(960,3,1,'2017-05-24 10:51:42',5),(961,3,1,'2017-05-24 10:55:21',6),(962,5,1,'2017-05-24 10:55:48',7),(963,3,1,'2017-05-24 10:57:51',8),(964,4,1,'2017-05-24 11:03:47',9),(965,4,1,'2017-05-24 11:06:42',10),(966,3,1,'2017-05-24 11:10:20',11),(967,6,1,'2017-05-24 11:26:22',12),(968,3,1,'2017-05-24 11:40:45',13),(969,6,1,'2017-05-24 11:48:01',14),(970,6,1,'2017-05-24 11:58:31',15),(971,3,1,'2017-05-24 12:18:10',16),(972,4,1,'2017-05-24 12:23:23',17),(973,6,1,'2017-05-24 12:28:07',18),(974,3,1,'2017-05-24 12:29:58',19),(975,4,1,'2017-05-24 12:39:09',20),(976,6,1,'2017-05-24 12:48:52',21),(977,6,1,'2017-05-24 13:24:40',22),(978,4,1,'2017-05-25 09:29:48',23),(979,1,1,'2017-05-26 08:45:40',25),(980,1,1,'2017-05-26 09:02:48',26),(981,1,1,'2017-05-26 09:04:58',27),(982,4,1,'2017-05-26 09:53:49',28),(983,5,1,'2017-05-26 10:02:07',29),(984,5,1,'2017-05-26 10:02:20',30),(985,1,1,'2017-05-26 10:02:36',31),(986,5,1,'2017-05-26 10:14:05',32),(987,1,1,'2017-05-26 10:14:30',33),(988,1,1,'2017-05-26 10:14:40',34),(989,1,1,'2017-05-26 10:14:45',35),(990,6,1,'2017-05-26 10:25:36',36),(991,5,1,'2017-05-26 10:28:07',37),(992,5,1,'2017-05-26 10:29:33',38),(993,10,1,'2017-05-26 10:30:59',39),(994,4,1,'2017-05-26 10:33:36',40),(995,1,1,'2017-05-26 10:47:21',41),(996,5,1,'2017-05-26 10:49:03',42),(997,4,1,'2017-05-26 10:57:52',43),(998,4,1,'2017-05-26 11:08:19',44),(999,4,1,'2017-05-26 11:08:23',45),(1000,5,1,'2017-05-26 11:12:23',46),(1001,10,1,'2017-05-26 11:16:34',47),(1002,10,1,'2017-05-26 11:33:09',48),(1003,10,1,'2017-05-26 11:58:38',49),(1004,6,1,'2017-05-26 12:11:49',50),(1005,10,1,'2017-05-26 12:45:37',51),(1006,1,1,'2017-05-29 09:00:37',56),(1007,3,1,'2017-05-29 09:08:44',57),(1008,4,1,'2017-05-29 09:26:00',58),(1009,6,1,'2017-05-29 09:37:08',59),(1010,6,1,'2017-05-29 09:37:14',60),(1011,4,1,'2017-05-29 09:41:31',61),(1012,4,1,'2017-05-29 09:55:11',62),(1013,3,1,'2017-05-29 09:57:56',63),(1014,4,1,'2017-05-29 10:01:40',64),(1015,6,1,'2017-05-29 10:01:42',65),(1016,3,1,'2017-05-29 10:18:07',66),(1017,6,1,'2017-05-29 10:26:32',67),(1018,3,1,'2017-05-29 10:30:30',68),(1019,1,1,'2017-05-29 10:32:21',69),(1020,4,1,'2017-05-29 10:50:26',70),(1021,4,1,'2017-05-29 11:36:32',71),(1022,5,1,'2017-05-29 11:42:20',72),(1023,6,1,'2017-05-29 11:57:08',73),(1024,1,1,'2017-05-29 12:00:36',69),(1025,1,1,'2017-05-29 12:00:39',70),(1026,3,1,'2017-05-29 12:02:29',71),(1027,4,1,'2017-05-29 12:04:33',72),(1028,4,1,'2017-05-29 12:06:51',73),(1029,4,1,'2017-05-29 12:06:52',74),(1030,4,1,'2017-05-29 12:06:57',75),(1031,4,1,'2017-05-29 12:06:59',76),(1032,6,1,'2017-05-29 12:17:45',77),(1033,6,1,'2017-05-29 12:18:33',78),(1034,6,1,'2017-05-29 12:23:06',79),(1035,4,1,'2017-05-29 12:43:05',80),(1036,6,1,'2017-05-29 12:47:21',81),(1037,4,1,'2017-05-30 09:33:10',82),(1038,1,1,'2017-05-30 09:50:03',83),(1039,1,1,'2017-05-30 10:04:09',84),(1040,1,1,'2017-05-30 10:06:29',85),(1041,6,1,'2017-05-30 10:06:55',86),(1042,6,1,'2017-05-30 10:11:15',87),(1043,1,1,'2017-05-30 11:20:29',88),(1044,1,1,'2017-05-30 11:20:38',89),(1045,6,1,'2017-05-30 11:21:08',90),(1046,4,1,'2017-05-30 11:36:12',91),(1047,10,1,'2017-05-30 11:59:46',92),(1048,10,1,'2017-05-30 12:00:25',93),(1049,6,1,'2017-05-31 09:07:47',94),(1050,6,1,'2017-05-31 09:15:26',95),(1051,6,1,'2017-05-31 09:15:36',96),(1052,6,1,'2017-05-31 09:15:50',97),(1053,6,1,'2017-05-31 09:33:22',98),(1054,3,1,'2017-05-31 09:51:44',99),(1055,1,1,'2017-05-31 09:51:48',0),(1056,1,1,'2017-05-31 09:52:18',1),(1057,1,1,'2017-05-31 09:54:41',2),(1058,3,1,'2017-05-31 09:55:16',3),(1059,6,1,'2017-05-31 10:05:16',4),(1060,3,1,'2017-05-31 10:28:39',5),(1061,3,1,'2017-05-31 10:28:48',6),(1062,3,1,'2017-05-31 10:28:59',7),(1063,3,1,'2017-05-31 10:35:46',8),(1064,3,1,'2017-05-31 10:51:27',9),(1065,3,1,'2017-05-31 10:51:58',10),(1066,3,1,'2017-05-31 10:52:55',11),(1067,3,1,'2017-05-31 11:14:07',12),(1068,6,1,'2017-05-31 11:21:39',13),(1069,6,1,'2017-05-31 11:21:40',14),(1070,3,1,'2017-05-31 11:26:54',15),(1071,3,1,'2017-05-31 11:29:18',16),(1072,6,1,'2017-05-31 11:30:40',17),(1073,3,1,'2017-05-31 11:35:34',18),(1074,5,1,'2017-05-31 12:01:09',19),(1075,5,1,'2017-05-31 12:02:32',20),(1076,3,1,'2017-05-31 12:03:01',21),(1077,5,1,'2017-05-31 12:06:30',22),(1078,6,1,'2017-05-31 12:28:41',23),(1079,4,1,'2017-06-01 09:44:31',24),(1080,1,1,'2017-06-01 10:23:55',25),(1081,4,1,'2017-06-01 10:39:53',26),(1082,1,1,'2017-06-01 10:43:48',27),(1083,4,1,'2017-06-01 10:47:18',28),(1084,4,1,'2017-06-01 10:54:09',29),(1085,4,1,'2017-06-01 11:31:05',30),(1086,1,1,'2017-06-01 11:38:33',31),(1087,4,1,'2017-06-01 11:48:20',32),(1088,1,1,'2017-06-01 12:13:07',33),(1089,4,1,'2017-06-01 12:15:19',34),(1090,1,1,'2017-06-01 12:18:41',35),(1091,1,1,'2017-06-01 12:19:04',36),(1092,1,1,'2017-06-01 12:34:41',37),(1093,5,1,'2017-06-01 12:42:51',38),(1094,1,1,'2017-06-02 09:12:08',42),(1095,4,1,'2017-06-02 09:23:27',43),(1096,1,1,'2017-06-02 09:49:10',44),(1097,5,1,'2017-06-02 09:52:27',45),(1098,5,1,'2017-06-02 09:54:01',46),(1099,5,1,'2017-06-02 10:10:15',47),(1100,6,1,'2017-06-02 10:39:41',48),(1101,6,1,'2017-06-02 10:40:09',49),(1102,6,1,'2017-06-02 10:40:10',50),(1103,10,1,'2017-06-02 10:45:57',51),(1104,5,1,'2017-06-02 10:47:44',52),(1105,5,1,'2017-06-02 11:11:48',53),(1106,5,1,'2017-06-02 11:12:10',54),(1107,5,1,'2017-06-02 11:12:11',55),(1108,5,1,'2017-06-02 11:12:13',56),(1109,5,1,'2017-06-02 11:12:15',57),(1110,5,1,'2017-06-02 11:12:19',58),(1111,5,1,'2017-06-02 11:12:21',59),(1112,10,1,'2017-06-02 11:44:45',60),(1113,10,1,'2017-06-02 11:44:48',61),(1114,1,1,'2017-06-02 12:15:02',62),(1115,1,1,'2017-06-02 12:15:17',69),(1116,10,1,'2017-06-02 12:17:28',70),(1117,1,1,'2017-06-05 08:49:12',74),(1118,1,1,'2017-06-05 09:03:08',75),(1119,3,1,'2017-06-05 09:03:51',76),(1120,4,1,'2017-06-05 09:33:02',77),(1121,5,1,'2017-06-05 09:47:50',78),(1122,4,1,'2017-06-05 10:19:40',79),(1123,4,1,'2017-06-05 10:19:45',80),(1124,3,1,'2017-06-05 10:20:43',81),(1125,6,1,'2017-06-05 10:21:31',82),(1126,4,1,'2017-06-05 10:36:59',83),(1127,5,1,'2017-06-05 10:39:03',84),(1128,3,1,'2017-06-05 10:57:16',83),(1129,4,1,'2017-06-05 10:57:33',83),(1130,4,1,'2017-06-05 10:57:44',84),(1131,3,1,'2017-06-05 10:57:59',83),(1132,4,1,'2017-06-05 10:58:33',83),(1133,4,1,'2017-06-05 10:58:35',84),(1134,6,1,'2017-06-05 10:59:02',85),(1135,3,1,'2017-06-05 11:09:33',86),(1136,5,1,'2017-06-05 11:25:30',87),(1137,6,1,'2017-06-05 11:26:34',88),(1138,6,1,'2017-06-05 12:22:17',89),(1139,1,1,'2017-06-06 09:00:50',90),(1140,1,1,'2017-06-06 09:03:22',91),(1141,10,1,'2017-06-06 09:42:02',92),(1142,10,1,'2017-06-06 09:42:10',93),(1143,1,1,'2017-06-06 10:17:22',94),(1144,1,1,'2017-06-06 10:17:54',95),(1145,1,1,'2017-06-06 10:32:02',96),(1146,1,1,'2017-06-06 10:32:54',97),(1147,1,1,'2017-06-06 10:46:12',98),(1148,1,1,'2017-06-06 10:46:27',99),(1149,1,1,'2017-06-06 10:46:34',0),(1150,1,1,'2017-06-06 10:46:42',1),(1151,1,1,'2017-06-06 10:46:53',2),(1152,1,1,'2017-06-06 11:00:48',3),(1153,1,1,'2017-06-06 11:08:17',4),(1154,1,1,'2017-06-06 11:08:20',5),(1155,1,1,'2017-06-06 11:57:42',6),(1156,1,1,'2017-06-06 11:57:53',7),(1157,1,1,'2017-06-06 11:58:00',8),(1158,1,1,'2017-06-06 12:41:19',9),(1159,1,1,'2017-06-06 12:41:26',10),(1160,2,1,'2017-06-07 09:03:48',11),(1161,2,1,'2017-06-07 09:03:49',12),(1162,2,1,'2017-06-07 09:03:52',13),(1163,2,1,'2017-06-07 09:03:55',14),(1164,2,1,'2017-06-07 09:03:57',15),(1165,2,1,'2017-06-07 09:04:00',16),(1166,2,1,'2017-06-07 09:04:02',17),(1167,3,1,'2017-06-07 09:07:51',18),(1168,3,1,'2017-06-07 09:08:52',17),(1169,4,1,'2017-06-07 09:09:42',18),(1170,3,1,'2017-06-07 09:33:18',19),(1171,3,1,'2017-06-07 09:33:22',20),(1172,3,1,'2017-06-07 09:33:24',21),(1173,2,1,'2017-06-07 09:33:35',22),(1174,3,1,'2017-06-07 09:34:04',21),(1175,6,1,'2017-06-07 09:39:39',22),(1176,1,1,'2017-06-07 09:45:22',23),(1177,4,1,'2017-06-07 09:58:06',24),(1178,3,1,'2017-06-07 10:00:51',25),(1179,2,1,'2017-06-07 10:18:52',26),(1180,3,1,'2017-06-07 10:43:44',27),(1181,1,1,'2017-06-07 10:45:19',28),(1182,2,1,'2017-06-07 10:51:40',29),(1183,2,1,'2017-06-07 11:02:46',30),(1184,1,1,'2017-06-07 11:13:27',31),(1185,6,1,'2017-06-07 11:15:06',32),(1186,4,1,'2017-06-07 11:15:53',33),(1187,3,1,'2017-06-07 11:16:05',31),(1188,4,1,'2017-06-07 11:16:46',31),(1189,2,1,'2017-06-07 11:29:33',32),(1190,3,1,'2017-06-07 11:44:09',33),(1191,2,1,'2017-06-07 11:58:55',34),(1192,2,1,'2017-06-07 12:08:24',35),(1193,2,1,'2017-06-07 12:08:31',36),(1194,4,1,'2017-06-07 12:23:08',37),(1195,1,1,'2017-06-08 09:00:17',38),(1196,1,1,'2017-06-08 09:00:24',39),(1197,1,1,'2017-06-08 09:28:07',40),(1198,10,1,'2017-06-08 09:28:23',41),(1199,5,1,'2017-06-08 09:50:59',42),(1200,1,1,'2017-06-08 09:53:40',43),(1201,1,1,'2017-06-08 11:32:45',44),(1202,10,1,'2017-06-08 11:33:11',45),(1203,10,1,'2017-06-08 11:33:15',46),(1204,10,1,'2017-06-08 11:33:36',47),(1205,1,1,'2017-06-08 11:44:54',48),(1206,1,1,'2017-06-08 11:45:06',49),(1207,10,1,'2017-06-08 11:53:20',50),(1208,10,1,'2017-06-08 12:01:55',51),(1209,10,1,'2017-06-08 12:45:03',52),(1210,10,1,'2017-06-08 12:45:04',53),(1211,10,1,'2017-06-08 12:45:07',54),(1212,10,1,'2017-06-08 12:51:58',55),(1213,1,1,'2017-06-08 12:52:38',56),(1214,5,1,'2017-06-08 12:53:39',57),(1215,1,1,'2017-06-09 09:00:05',60),(1216,1,1,'2017-06-09 09:30:48',61),(1217,5,1,'2017-06-09 09:38:24',62),(1218,4,1,'2017-06-09 09:40:00',63),(1219,4,1,'2017-06-09 09:40:15',64),(1220,4,1,'2017-06-09 09:42:09',63),(1221,4,1,'2017-06-09 09:47:06',62),(1222,5,1,'2017-06-09 09:51:14',63),(1223,4,1,'2017-06-09 09:51:26',64),(1224,4,1,'2017-06-09 09:52:01',62),(1225,4,1,'2017-06-09 09:54:59',63),(1226,4,1,'2017-06-09 10:06:56',64),(1227,1,1,'2017-06-09 10:09:03',65),(1228,4,1,'2017-06-09 10:13:30',66),(1229,4,1,'2017-06-09 10:22:05',67),(1230,5,1,'2017-06-09 10:27:15',68),(1231,5,1,'2017-06-09 10:54:32',69),(1232,5,1,'2017-06-09 11:17:00',70),(1233,4,1,'2017-06-09 11:33:35',71),(1234,5,1,'2017-06-09 11:44:55',72),(1235,1,1,'2017-06-09 12:01:11',73),(1236,1,1,'2017-06-09 12:01:24',74),(1237,1,1,'2017-06-09 12:25:49',75),(1238,1,1,'2017-06-09 12:26:07',76),(1239,1,1,'2017-06-09 12:34:25',77),(1240,1,1,'2017-06-09 12:35:21',78),(1241,1,1,'2017-06-09 12:35:29',79),(1242,1,1,'2017-06-09 12:35:46',80),(1243,1,1,'2017-06-09 12:35:52',81),(1244,1,1,'2017-06-09 12:35:57',82),(1245,1,1,'2017-06-12 09:00:48',83),(1246,3,1,'2017-06-12 09:01:11',84),(1247,6,1,'2017-06-12 09:02:03',85),(1248,6,1,'2017-06-12 09:10:49',86),(1249,3,1,'2017-06-12 09:30:25',87),(1250,1,1,'2017-06-12 09:53:59',88),(1251,3,1,'2017-06-12 09:58:55',89),(1252,6,1,'2017-06-12 10:22:46',90),(1253,3,1,'2017-06-12 10:49:58',91),(1254,1,1,'2017-06-12 10:58:08',92),(1255,6,1,'2017-06-12 11:11:17',93),(1256,3,1,'2017-06-12 11:12:24',94),(1257,3,1,'2017-06-12 11:14:01',95),(1258,6,1,'2017-06-12 11:31:26',96),(1259,4,1,'2017-06-12 11:51:22',97),(1260,4,1,'2017-06-12 11:53:47',98),(1261,3,1,'2017-06-12 11:55:49',99),(1262,1,1,'2017-06-12 11:56:47',0),(1263,1,1,'2017-06-12 11:56:59',1),(1264,1,1,'2017-06-12 11:57:21',2),(1265,10,1,'2017-06-12 12:10:59',3),(1266,4,1,'2017-06-12 12:17:24',4),(1267,4,1,'2017-06-12 12:18:44',5),(1268,6,1,'2017-06-12 12:21:34',6),(1269,1,1,'2017-06-12 12:22:38',7),(1270,1,1,'2017-06-12 12:26:59',8),(1271,6,1,'2017-06-12 12:27:41',9),(1272,6,1,'2017-06-12 12:30:48',10),(1273,6,1,'2017-06-13 09:26:51',11),(1274,6,1,'2017-06-13 09:40:00',12),(1275,6,1,'2017-06-13 09:47:56',13),(1276,1,1,'2017-06-13 10:09:44',14),(1277,1,1,'2017-06-13 10:09:56',15),(1278,10,1,'2017-06-13 10:26:21',16),(1279,1,1,'2017-06-13 10:26:43',17),(1280,10,1,'2017-06-13 10:27:03',18),(1281,4,1,'2017-06-13 11:31:07',19),(1282,1,1,'2017-06-13 11:39:42',20),(1283,1,1,'2017-06-13 12:02:55',21),(1284,10,1,'2017-06-13 12:05:32',22),(1285,10,1,'2017-06-13 12:05:50',23),(1286,1,1,'2017-06-13 12:27:27',24),(1287,1,1,'2017-06-13 12:27:40',25),(1288,10,1,'2017-06-13 12:44:36',26),(1289,1,1,'2017-06-13 12:46:11',27),(1290,1,1,'2017-06-13 12:58:08',28),(1291,1,1,'2017-06-13 12:58:17',29),(1292,1,1,'2017-06-13 13:03:43',30),(1293,1,1,'2017-06-13 13:04:25',31),(1294,2,1,'2017-06-14 09:05:44',32),(1295,3,1,'2017-06-14 09:30:54',33),(1296,2,1,'2017-06-14 09:49:10',34),(1297,2,1,'2017-06-14 09:49:39',35),(1298,2,1,'2017-06-14 09:49:40',36),(1299,3,1,'2017-06-14 09:49:59',37),(1300,6,1,'2017-06-14 09:57:18',38),(1301,2,1,'2017-06-14 09:59:27',39),(1302,6,1,'2017-06-14 10:02:23',40),(1303,1,1,'2017-06-14 10:10:06',41),(1304,4,1,'2017-06-14 10:15:23',42),(1305,10,1,'2017-06-14 10:32:31',43),(1306,1,1,'2017-06-14 10:38:40',44),(1307,1,1,'2017-06-14 11:03:34',45),(1308,6,1,'2017-06-14 11:07:20',46),(1309,3,1,'2017-06-14 11:12:31',47),(1310,1,1,'2017-06-14 11:16:33',48),(1311,2,1,'2017-06-14 11:20:20',49),(1312,2,1,'2017-06-14 11:31:26',50),(1313,1,1,'2017-06-14 11:50:13',51),(1314,6,1,'2017-06-14 11:57:38',52),(1315,3,1,'2017-06-14 12:00:25',53),(1316,1,1,'2017-06-14 12:05:24',54),(1317,4,1,'2017-06-15 09:25:57',55),(1318,1,1,'2017-06-15 09:34:38',56),(1319,4,1,'2017-06-15 10:09:04',57),(1320,4,1,'2017-06-15 10:19:52',58),(1321,4,1,'2017-06-15 10:37:22',59),(1322,4,1,'2017-06-15 11:00:25',60),(1323,4,1,'2017-06-15 11:08:57',61),(1324,1,1,'2017-06-15 12:18:35',62),(1325,1,1,'2017-06-15 12:18:46',63),(1326,1,1,'2017-06-15 12:20:10',64),(1327,1,1,'2017-06-15 12:21:13',65),(1328,1,1,'2017-06-16 09:10:49',66),(1329,10,1,'2017-06-16 09:33:02',67),(1330,10,1,'2017-06-16 09:45:03',68),(1331,10,1,'2017-06-16 10:04:10',69),(1332,10,1,'2017-06-16 10:28:25',70),(1333,10,1,'2017-06-16 10:29:06',71),(1334,10,1,'2017-06-16 10:29:13',72),(1335,10,1,'2017-06-16 10:59:04',73),(1336,10,1,'2017-06-16 10:59:15',74),(1337,10,1,'2017-06-16 10:59:35',75),(1338,1,1,'2017-06-16 10:59:56',76),(1339,10,1,'2017-06-16 11:25:28',77),(1340,10,1,'2017-06-16 11:25:49',78),(1341,10,1,'2017-06-16 11:25:56',79),(1342,10,1,'2017-06-16 11:26:00',80),(1343,10,1,'2017-06-16 11:42:31',81),(1344,1,1,'2017-06-16 11:49:06',82),(1345,10,1,'2017-06-16 11:59:27',83),(1346,1,1,'2017-06-16 12:17:50',84),(1347,1,1,'2017-06-16 12:18:00',85),(1348,1,1,'2017-06-16 12:18:09',86),(1349,10,1,'2017-06-19 09:05:22',87),(1350,1,1,'2017-06-19 09:10:30',88),(1351,1,1,'2017-06-19 09:10:51',89),(1352,10,1,'2017-06-19 09:24:17',90),(1353,10,1,'2017-06-19 09:24:59',91),(1354,10,1,'2017-06-19 09:25:00',92),(1355,10,1,'2017-06-19 09:25:02',93),(1356,10,1,'2017-06-19 09:25:04',94),(1357,10,1,'2017-06-19 09:25:07',95),(1358,10,1,'2017-06-19 09:25:09',96),(1359,10,1,'2017-06-19 09:25:11',97),(1360,10,1,'2017-06-19 09:25:32',95),(1361,4,1,'2017-06-19 09:48:06',96),(1362,4,1,'2017-06-19 09:48:12',97),(1363,4,1,'2017-06-19 10:13:24',98),(1364,10,1,'2017-06-19 10:19:29',99),(1365,10,1,'2017-06-19 10:33:20',0),(1366,10,1,'2017-06-19 10:33:29',1),(1367,1,1,'2017-06-19 10:43:19',2),(1368,1,1,'2017-06-19 10:43:31',3),(1369,4,1,'2017-06-19 10:47:12',4),(1370,10,1,'2017-06-19 10:48:00',5),(1371,5,1,'2017-06-19 10:48:45',6),(1372,10,1,'2017-06-19 10:49:07',7),(1373,10,1,'2017-06-19 10:49:44',8),(1374,5,1,'2017-06-19 10:50:22',9),(1375,4,1,'2017-06-19 11:05:11',10),(1376,4,1,'2017-06-19 11:07:32',11),(1377,4,1,'2017-06-19 11:07:33',12),(1378,10,1,'2017-06-19 11:08:33',13),(1379,5,1,'2017-06-19 11:21:50',14),(1380,10,1,'2017-06-19 11:30:45',15),(1381,4,1,'2017-06-19 11:39:53',16),(1382,1,1,'2017-06-19 11:42:18',17),(1383,1,1,'2017-06-19 11:42:26',18),(1384,1,1,'2017-06-19 11:42:36',19),(1385,1,1,'2017-06-19 11:42:42',20),(1386,1,1,'2017-06-19 11:42:50',21),(1387,1,1,'2017-06-19 11:43:26',14),(1388,4,1,'2017-06-19 12:19:14',15),(1389,4,1,'2017-06-19 12:19:22',16),(1390,10,1,'2017-06-19 12:19:44',17),(1391,4,1,'2017-06-19 12:20:09',18),(1392,4,1,'2017-06-19 12:42:00',19),(1393,10,1,'2017-06-20 09:50:05',20),(1394,10,1,'2017-06-20 09:50:38',21),(1395,1,1,'2017-06-20 10:01:00',22),(1396,1,1,'2017-06-20 10:50:16',23),(1397,4,1,'2017-06-20 10:50:57',24),(1398,1,1,'2017-06-20 11:11:55',25),(1399,4,1,'2017-06-20 11:26:42',26),(1400,1,1,'2017-06-20 11:27:15',27),(1401,10,1,'2017-06-20 11:37:36',28),(1402,10,1,'2017-06-20 12:06:30',29),(1403,4,1,'2017-06-20 12:06:31',30),(1404,4,1,'2017-06-20 12:21:36',31),(1405,10,1,'2017-06-20 12:35:43',32),(1406,6,1,'2017-06-21 09:28:37',33),(1407,6,1,'2017-06-21 09:57:48',34),(1408,6,1,'2017-06-21 09:58:28',35),(1409,6,1,'2017-06-21 09:58:48',36),(1410,5,1,'2017-06-21 10:13:17',37),(1411,1,1,'2017-06-21 10:20:34',38),(1412,1,1,'2017-06-21 10:21:03',39),(1413,1,1,'2017-06-21 10:21:18',40),(1414,5,1,'2017-06-21 12:22:28',41),(1415,6,1,'2017-06-21 12:28:29',42),(1416,1,1,'2017-06-22 09:01:39',43),(1417,1,1,'2017-06-22 09:01:42',44),(1418,5,1,'2017-06-22 09:47:47',45),(1419,1,1,'2017-06-22 10:04:02',46),(1420,5,1,'2017-06-22 10:11:09',47),(1421,4,1,'2017-06-22 11:02:20',48),(1422,1,1,'2017-06-22 11:03:01',49),(1423,1,1,'2017-06-22 11:31:00',50),(1424,4,1,'2017-06-22 11:54:26',51),(1425,4,1,'2017-06-22 11:58:44',52),(1426,5,1,'2017-06-22 11:59:16',53),(1427,1,1,'2017-06-22 12:08:24',54),(1428,4,1,'2017-06-22 12:33:23',55),(1429,10,1,'2017-06-23 09:19:50',56),(1430,10,1,'2017-06-23 09:20:15',57),(1431,1,1,'2017-06-23 09:35:53',58),(1432,10,1,'2017-06-23 10:19:29',59),(1433,10,1,'2017-06-23 11:05:30',60),(1434,10,1,'2017-06-23 11:05:32',61),(1435,10,1,'2017-06-23 11:05:34',62),(1436,10,1,'2017-06-23 11:15:30',63),(1437,10,1,'2017-06-23 11:16:45',64),(1438,10,1,'2017-06-23 11:25:14',65),(1439,1,1,'2017-06-26 08:59:15',68),(1440,1,1,'2017-06-26 08:59:21',69),(1441,3,1,'2017-06-26 09:01:20',70),(1442,6,1,'2017-06-26 09:01:38',71),(1443,4,1,'2017-06-26 09:01:41',72),(1444,3,1,'2017-06-26 09:01:50',73),(1445,6,1,'2017-06-26 09:02:09',74),(1446,10,1,'2017-06-26 09:14:42',75),(1447,1,1,'2017-06-26 09:14:55',76),(1448,10,1,'2017-06-26 09:15:10',77),(1449,6,1,'2017-06-26 09:20:46',78),(1450,4,1,'2017-06-26 09:26:39',79),(1451,1,1,'2017-06-26 09:27:16',73),(1452,1,1,'2017-06-26 10:36:23',74),(1453,1,1,'2017-06-26 10:42:10',75),(1454,1,1,'2017-06-26 10:42:22',78),(1455,11,1,'2017-06-26 11:08:48',79),(1456,6,1,'2017-06-26 11:09:24',78),(1457,3,1,'2017-06-26 12:48:36',79),(1458,3,1,'2017-06-26 12:48:41',80),(1459,3,1,'2017-06-26 12:48:46',81),(1460,3,1,'2017-06-26 12:48:49',82),(1461,3,1,'2017-06-26 12:48:50',83),(1462,3,1,'2017-06-26 12:48:52',84),(1463,6,1,'2017-06-27 09:13:06',85),(1464,10,1,'2017-06-27 10:43:13',86),(1465,10,1,'2017-06-27 10:43:16',87),(1466,10,1,'2017-06-27 10:43:18',88),(1467,10,1,'2017-06-27 10:43:21',89),(1468,4,1,'2017-06-27 10:51:11',90),(1469,10,1,'2017-06-27 10:55:53',91),(1470,6,1,'2017-06-27 11:22:26',92),(1471,10,1,'2017-06-27 11:59:29',93),(1472,10,1,'2017-06-27 12:00:10',94),(1473,10,1,'2017-06-27 12:00:11',95),(1474,10,1,'2017-06-27 12:00:14',96),(1475,10,1,'2017-06-27 12:00:17',97),(1476,10,1,'2017-06-27 12:00:19',98),(1477,10,1,'2017-06-27 12:50:13',99),(1478,10,1,'2017-06-27 12:53:14',0),(1479,4,1,'2017-06-28 09:35:24',1),(1480,3,1,'2017-06-28 09:45:15',2),(1481,3,1,'2017-06-28 10:04:25',3),(1482,1,1,'2017-06-28 10:28:11',4),(1483,3,1,'2017-06-28 10:32:04',5),(1484,3,1,'2017-06-28 10:32:40',6),(1485,3,1,'2017-06-28 10:41:23',7),(1486,6,1,'2017-06-28 10:49:20',8),(1487,2,1,'2017-06-28 11:08:40',9),(1488,2,1,'2017-06-28 11:08:56',10),(1489,3,1,'2017-06-28 11:17:07',11),(1490,2,1,'2017-06-28 11:36:39',12),(1491,2,1,'2017-06-28 12:07:45',13),(1492,2,1,'2017-06-28 12:07:59',14),(1493,10,1,'2017-06-29 09:25:17',15),(1494,10,1,'2017-06-29 09:25:19',16),(1495,10,1,'2017-06-29 09:25:22',17),(1496,10,1,'2017-06-29 09:25:25',18),(1497,10,1,'2017-06-29 09:25:27',19),(1498,10,1,'2017-06-29 09:25:29',20),(1499,10,1,'2017-06-29 09:25:31',21),(1500,10,1,'2017-06-29 09:25:34',22),(1501,10,1,'2017-06-29 09:55:47',23),(1502,10,1,'2017-06-29 09:56:08',24),(1503,10,1,'2017-06-29 10:07:18',25),(1504,10,1,'2017-06-29 10:26:19',26),(1505,10,1,'2017-06-30 09:34:11',27),(1506,10,1,'2017-06-30 09:50:10',28),(1507,10,1,'2017-06-30 09:50:30',26),(1508,10,1,'2017-06-30 09:51:14',41),(1509,1,1,'2017-06-30 09:55:12',42),(1510,10,1,'2017-06-30 10:19:53',42),(1511,1,1,'2017-06-30 10:33:24',43),(1512,1,1,'2017-06-30 10:33:29',44),(1513,1,1,'2017-06-30 10:33:34',45),(1514,10,1,'2017-06-30 10:52:06',46),(1515,10,1,'2017-06-30 10:52:44',47),(1516,10,1,'2017-06-30 11:06:35',48),(1517,10,1,'2017-06-30 11:12:57',49),(1518,10,1,'2017-06-30 12:31:06',50),(1519,10,1,'2017-06-30 12:31:13',51),(1520,3,1,'2017-07-03 09:00:28',52),(1521,6,1,'2017-07-03 09:06:01',53),(1522,6,1,'2017-07-03 09:06:04',54),(1523,6,1,'2017-07-03 09:06:07',55),(1524,6,1,'2017-07-03 09:06:20',56),(1525,3,1,'2017-07-03 09:20:14',57),(1526,3,1,'2017-07-03 09:20:19',58),(1527,6,1,'2017-07-03 10:14:14',59),(1528,6,1,'2017-07-03 10:14:15',60),(1529,6,1,'2017-07-03 10:14:18',61),(1530,6,1,'2017-07-03 10:14:20',62),(1531,6,1,'2017-07-03 10:37:45',63),(1532,3,1,'2017-07-03 11:24:55',64),(1533,3,1,'2017-07-03 11:33:15',65),(1534,3,1,'2017-07-03 11:33:20',66),(1535,3,1,'2017-07-03 11:33:22',67),(1536,3,1,'2017-07-03 11:33:26',68),(1537,3,1,'2017-07-03 11:33:27',69),(1538,6,1,'2017-07-03 11:41:09',70),(1539,6,1,'2017-07-03 11:42:09',71),(1540,6,1,'2017-07-03 11:42:10',72),(1541,6,1,'2017-07-03 13:23:59',73),(1542,1,1,'2017-07-04 09:18:07',77),(1543,6,1,'2017-07-04 09:32:43',78),(1544,6,1,'2017-07-04 09:32:52',79),(1545,6,1,'2017-07-04 09:39:40',78),(1546,6,1,'2017-07-04 09:47:45',79),(1547,6,1,'2017-07-04 09:47:48',80),(1548,10,1,'2017-07-04 10:33:08',81),(1549,10,1,'2017-07-04 10:33:11',82),(1550,10,1,'2017-07-04 10:33:14',83),(1551,1,1,'2017-07-04 10:52:05',84),(1552,1,1,'2017-07-04 10:52:13',85),(1553,1,1,'2017-07-04 10:52:35',86),(1554,1,1,'2017-07-04 11:31:57',87),(1555,1,1,'2017-07-04 11:41:25',88),(1556,1,1,'2017-07-04 11:46:16',89),(1557,6,1,'2017-07-04 12:14:32',90),(1558,6,1,'2017-07-04 12:14:39',91),(1559,5,1,'2017-07-05 09:17:16',92),(1560,5,1,'2017-07-05 09:18:24',93),(1561,5,1,'2017-07-05 09:18:25',94),(1562,5,1,'2017-07-05 09:27:35',95),(1563,6,1,'2017-07-05 09:39:55',96),(1564,3,1,'2017-07-05 09:41:18',97),(1565,5,1,'2017-07-05 09:43:11',98),(1566,6,1,'2017-07-05 09:46:35',96),(1567,5,1,'2017-07-05 10:11:51',97),(1568,3,1,'2017-07-05 10:13:55',98),(1569,3,1,'2017-07-05 10:37:35',99),(1570,5,1,'2017-07-05 10:52:43',0),(1571,3,1,'2017-07-05 10:53:42',1),(1572,3,1,'2017-07-05 11:38:41',2),(1573,5,1,'2017-07-05 11:49:31',3),(1574,3,1,'2017-07-05 11:50:25',4),(1575,3,1,'2017-07-05 11:50:27',5),(1576,6,1,'2017-07-05 12:26:09',6),(1577,2,1,'2017-07-05 12:34:10',7),(1578,2,1,'2017-07-05 12:34:11',8),(1579,5,1,'2017-07-05 12:38:17',9),(1580,1,1,'2017-07-06 09:19:21',10),(1581,1,1,'2017-07-06 09:19:53',11),(1582,1,1,'2017-07-06 09:19:59',12),(1583,1,1,'2017-07-06 09:32:53',13),(1584,1,1,'2017-07-06 09:33:26',14),(1585,1,1,'2017-07-06 09:33:31',15),(1586,5,1,'2017-07-06 10:44:06',16),(1587,5,1,'2017-07-06 10:52:54',17),(1588,5,1,'2017-07-06 10:53:06',18),(1589,5,1,'2017-07-06 11:15:19',19),(1590,1,1,'2017-07-06 11:27:07',20),(1591,1,1,'2017-07-06 11:27:11',21),(1592,1,1,'2017-07-06 12:05:35',22),(1593,1,1,'2017-07-06 12:05:37',23),(1594,1,1,'2017-07-06 12:05:54',27),(1595,1,1,'2017-07-06 12:47:51',28),(1596,1,1,'2017-07-07 09:06:14',31),(1597,6,1,'2017-07-07 09:24:05',32),(1598,1,1,'2017-07-07 09:32:39',33),(1599,6,1,'2017-07-07 09:42:06',34),(1600,6,1,'2017-07-07 09:57:13',35),(1601,10,1,'2017-07-07 10:02:48',36),(1602,6,1,'2017-07-07 11:37:11',37),(1603,6,1,'2017-07-07 11:37:21',38),(1604,1,1,'2017-07-10 08:41:17',40),(1605,1,1,'2017-07-10 08:59:49',41),(1606,3,1,'2017-07-10 09:01:27',42),(1607,6,1,'2017-07-10 09:23:06',43),(1608,3,1,'2017-07-10 09:25:29',44),(1609,1,1,'2017-07-10 09:30:14',45),(1610,1,1,'2017-07-10 09:55:00',46),(1611,6,1,'2017-07-10 09:58:39',47),(1612,3,1,'2017-07-10 09:59:33',48),(1613,3,1,'2017-07-10 10:05:52',49),(1614,6,1,'2017-07-10 10:16:20',50),(1615,6,1,'2017-07-10 10:17:47',51),(1616,1,1,'2017-07-10 10:18:55',52),(1617,10,1,'2017-07-10 10:30:54',53),(1618,1,1,'2017-07-10 10:34:23',54),(1619,1,1,'2017-07-10 10:35:21',53),(1620,6,1,'2017-07-10 11:05:17',54),(1621,3,1,'2017-07-10 11:19:41',55),(1622,3,1,'2017-07-10 11:21:21',56),(1623,1,1,'2017-07-10 11:59:49',57),(1624,1,1,'2017-07-10 12:00:01',58),(1625,3,1,'2017-07-10 12:11:41',59),(1626,3,1,'2017-07-10 12:24:10',60),(1627,3,1,'2017-07-10 12:29:37',61),(1628,1,1,'2017-07-11 08:37:32',62),(1629,1,1,'2017-07-11 09:00:40',63),(1630,1,1,'2017-07-11 09:33:28',64),(1631,1,1,'2017-07-11 09:33:35',65),(1632,1,1,'2017-07-11 09:55:52',66),(1633,1,1,'2017-07-11 10:27:04',67),(1634,1,1,'2017-07-11 10:37:46',68),(1635,1,1,'2017-07-11 10:39:16',69),(1636,1,1,'2017-07-11 10:39:20',70),(1637,1,1,'2017-07-11 10:39:23',71),(1638,1,1,'2017-07-11 11:26:02',72),(1639,1,1,'2017-07-11 11:26:06',73),(1640,1,1,'2017-07-11 11:59:18',74),(1641,1,1,'2017-07-11 11:59:24',75),(1642,1,1,'2017-07-11 11:59:28',76),(1643,1,1,'2017-07-11 12:21:48',77),(1644,1,1,'2017-07-11 12:21:52',78),(1645,1,1,'2017-07-11 12:21:58',79),(1646,6,1,'2017-07-12 09:09:39',80),(1647,6,1,'2017-07-12 09:09:49',81),(1648,3,1,'2017-07-12 09:28:53',82),(1649,6,1,'2017-07-12 09:52:35',83),(1650,3,1,'2017-07-12 10:09:34',84),(1651,6,1,'2017-07-12 10:18:24',85),(1652,6,1,'2017-07-12 10:18:29',86),(1653,6,1,'2017-07-12 10:21:54',87),(1654,6,1,'2017-07-12 10:22:02',88),(1655,3,1,'2017-07-12 10:26:13',89),(1656,6,1,'2017-07-12 10:41:29',90),(1657,3,1,'2017-07-12 10:57:03',91),(1658,6,1,'2017-07-12 11:05:15',92),(1659,3,1,'2017-07-12 11:15:59',93),(1660,6,1,'2017-07-12 11:27:57',94),(1661,3,1,'2017-07-12 11:31:28',95),(1662,3,1,'2017-07-12 11:33:25',96),(1663,6,1,'2017-07-12 11:54:35',97),(1664,3,1,'2017-07-12 12:00:53',98),(1665,5,1,'2017-07-12 12:03:09',99),(1666,5,1,'2017-07-12 12:03:45',0),(1667,5,1,'2017-07-12 12:03:55',1),(1668,3,1,'2017-07-12 12:10:53',2),(1669,6,1,'2017-07-12 12:18:11',3),(1670,5,1,'2017-07-12 12:23:31',4),(1671,5,1,'2017-07-12 12:34:42',5),(1672,6,1,'2017-07-12 12:48:56',6),(1673,5,1,'2017-07-12 12:53:02',7),(1674,1,1,'2017-07-13 08:27:51',8),(1675,1,1,'2017-07-13 09:07:10',9),(1676,1,1,'2017-07-13 09:59:45',10),(1677,1,1,'2017-07-13 09:59:53',11),(1678,1,1,'2017-07-13 09:59:59',12),(1679,10,1,'2017-07-13 10:37:19',13),(1680,5,1,'2017-07-13 10:39:24',14),(1681,10,1,'2017-07-13 10:44:36',15),(1682,1,1,'2017-07-13 11:42:34',16),(1683,1,1,'2017-07-13 11:42:35',17),(1684,5,1,'2017-07-13 11:56:04',18),(1685,1,1,'2017-07-13 12:05:20',19),(1686,10,1,'2017-07-13 12:13:09',20),(1687,5,1,'2017-07-13 12:14:52',21),(1688,5,1,'2017-07-13 12:29:24',22),(1689,10,1,'2017-07-13 12:30:08',23),(1690,1,1,'2017-07-14 08:49:28',26),(1691,1,1,'2017-07-14 09:16:23',27),(1692,1,1,'2017-07-14 09:16:41',28),(1693,5,1,'2017-07-14 09:59:40',29),(1694,1,1,'2017-07-14 10:09:41',30),(1695,1,1,'2017-07-14 10:09:43',31),(1696,5,1,'2017-07-14 10:14:07',32),(1697,1,1,'2017-07-14 10:36:51',33),(1698,1,1,'2017-07-14 10:37:15',34),(1699,3,1,'2017-07-14 10:58:12',35),(1700,3,1,'2017-07-14 11:03:25',36),(1701,3,1,'2017-07-14 11:12:09',37),(1702,3,1,'2017-07-14 11:15:17',38),(1703,3,1,'2017-07-14 11:16:46',39),(1704,5,1,'2017-07-14 11:26:36',40),(1705,3,1,'2017-07-14 11:31:46',41),(1706,3,1,'2017-07-14 11:39:52',42),(1707,3,1,'2017-07-14 11:53:18',43),(1708,5,1,'2017-07-14 13:04:50',44),(1709,6,1,'2017-07-17 09:12:37',45),(1710,6,1,'2017-07-17 09:12:38',46),(1711,6,1,'2017-07-17 09:22:55',47),(1712,6,1,'2017-07-17 09:24:02',48),(1713,6,1,'2017-07-17 09:46:57',49),(1714,6,1,'2017-07-17 10:07:03',50),(1715,6,1,'2017-07-17 10:33:13',51),(1716,6,1,'2017-07-17 10:33:51',52),(1717,6,1,'2017-07-17 11:25:05',53),(1718,6,1,'2017-07-17 11:43:38',54),(1719,6,1,'2017-07-17 11:43:41',55),(1720,6,1,'2017-07-17 11:43:42',56),(1721,6,1,'2017-07-17 11:43:44',57),(1722,6,1,'2017-07-17 11:43:46',58),(1723,6,1,'2017-07-17 11:43:48',59),(1724,6,1,'2017-07-17 11:43:51',60),(1725,6,1,'2017-07-17 11:44:15',59),(1726,10,1,'2017-07-18 09:32:27',60),(1727,10,1,'2017-07-18 09:32:31',61),(1728,10,1,'2017-07-18 09:32:33',62),(1729,10,1,'2017-07-18 09:32:36',63),(1730,10,1,'2017-07-18 09:32:38',64),(1731,10,1,'2017-07-18 09:32:41',65),(1732,10,1,'2017-07-18 09:34:41',66),(1733,10,1,'2017-07-18 09:49:22',67),(1734,10,1,'2017-07-18 10:26:55',68),(1735,10,1,'2017-07-18 10:27:29',69),(1736,10,1,'2017-07-18 10:27:31',70),(1737,10,1,'2017-07-18 10:27:33',71),(1738,10,1,'2017-07-18 10:27:35',72),(1739,10,1,'2017-07-18 10:30:18',73),(1740,10,1,'2017-07-18 11:06:23',74),(1741,10,1,'2017-07-18 11:06:55',75),(1742,10,1,'2017-07-18 11:06:57',76),(1743,10,1,'2017-07-18 11:06:59',77),(1744,10,1,'2017-07-18 11:12:57',78),(1745,10,1,'2017-07-18 11:13:11',79),(1746,10,1,'2017-07-18 11:13:45',80),(1747,10,1,'2017-07-18 11:13:48',81),(1748,10,1,'2017-07-18 11:14:09',82),(1749,10,1,'2017-07-18 11:47:46',83),(1750,10,1,'2017-07-18 11:47:48',84),(1751,10,1,'2017-07-18 11:47:51',85),(1752,10,1,'2017-07-18 11:47:53',86),(1753,10,1,'2017-07-18 11:48:42',87),(1754,10,1,'2017-07-18 11:48:43',88),(1755,3,1,'2017-07-19 09:05:00',89),(1756,5,1,'2017-07-19 09:06:51',90),(1757,6,1,'2017-07-19 09:06:54',91),(1758,5,1,'2017-07-19 09:06:55',92),(1759,5,1,'2017-07-19 09:06:57',93),(1760,5,1,'2017-07-19 09:07:00',94),(1761,6,1,'2017-07-19 09:07:03',96),(1762,5,1,'2017-07-19 09:07:04',97),(1763,6,1,'2017-07-19 09:07:48',98),(1764,6,1,'2017-07-19 09:33:52',99),(1765,6,1,'2017-07-19 09:49:44',0),(1766,6,1,'2017-07-19 09:50:20',1),(1767,6,1,'2017-07-19 10:04:03',2),(1768,6,1,'2017-07-19 10:23:04',3),(1769,5,1,'2017-07-19 10:34:03',4),(1770,5,1,'2017-07-19 10:57:18',5),(1771,5,1,'2017-07-19 10:57:31',6),(1772,6,1,'2017-07-19 11:10:54',7),(1773,6,1,'2017-07-19 11:19:37',8),(1774,6,1,'2017-07-19 11:19:47',9),(1775,6,1,'2017-07-19 11:19:47',10),(1776,6,1,'2017-07-19 11:20:00',11),(1777,5,1,'2017-07-20 09:16:56',12),(1778,5,1,'2017-07-20 09:17:01',13),(1779,5,1,'2017-07-20 09:17:02',14),(1780,5,1,'2017-07-20 09:17:04',15),(1781,5,1,'2017-07-20 09:17:06',16),(1782,5,1,'2017-07-20 10:01:58',17),(1783,5,1,'2017-07-20 10:21:50',18),(1784,5,1,'2017-07-20 10:51:54',19),(1785,10,1,'2017-07-20 10:53:54',20),(1786,10,1,'2017-07-20 10:54:28',21),(1787,10,1,'2017-07-20 10:54:31',22),(1788,10,1,'2017-07-20 10:54:34',23),(1789,10,1,'2017-07-20 10:54:48',24),(1790,5,1,'2017-07-20 11:14:25',25),(1791,10,1,'2017-07-20 11:15:07',26),(1792,10,1,'2017-07-20 11:28:40',27),(1793,10,1,'2017-07-20 11:31:31',28),(1794,10,1,'2017-07-20 11:57:07',29),(1795,10,1,'2017-07-20 11:57:10',30),(1796,5,1,'2017-07-20 12:47:36',31),(1797,5,1,'2017-07-20 13:09:52',32),(1798,5,1,'2017-07-20 13:17:19',33),(1799,5,1,'2017-07-20 13:17:21',34),(1800,5,1,'2017-07-20 13:17:23',35),(1801,5,1,'2017-07-20 13:17:26',36),(1802,5,1,'2017-07-20 13:22:01',37),(1803,4,1,'2017-07-21 09:32:53',38),(1804,4,1,'2017-07-21 09:32:56',39),(1805,4,1,'2017-07-21 09:33:00',40),(1806,4,1,'2017-07-21 09:33:04',41),(1807,4,1,'2017-07-21 10:10:03',42),(1808,4,1,'2017-07-21 10:26:14',43),(1809,4,1,'2017-07-21 10:59:07',44),(1810,4,1,'2017-07-21 12:21:16',45),(1811,1,1,'2017-07-24 08:52:29',46),(1812,1,1,'2017-07-24 09:02:24',59),(1813,6,1,'2017-07-24 09:04:44',60),(1814,6,1,'2017-07-24 09:58:13',61),(1815,6,1,'2017-07-24 09:58:21',62),(1816,6,1,'2017-07-24 09:58:41',63),(1817,6,1,'2017-07-24 09:58:42',64),(1818,6,1,'2017-07-24 09:58:44',65),(1819,6,1,'2017-07-24 09:58:52',70),(1820,6,1,'2017-07-24 10:17:13',71),(1821,6,1,'2017-07-24 10:17:20',72),(1822,1,1,'2017-07-24 10:32:50',73),(1823,1,1,'2017-07-24 10:32:54',74),(1824,6,1,'2017-07-24 10:46:21',75),(1825,6,1,'2017-07-24 10:47:54',76),(1826,5,1,'2017-07-24 11:21:22',77),(1827,6,1,'2017-07-24 11:30:27',78),(1828,4,1,'2017-07-24 12:39:17',66),(1829,4,1,'2017-07-24 12:39:49',67),(1830,1,1,'2017-07-25 09:01:03',80),(1831,1,1,'2017-07-25 09:32:58',81),(1832,1,1,'2017-07-25 09:33:43',93),(1833,4,1,'2017-07-25 10:01:23',94),(1834,4,1,'2017-07-25 10:16:59',95),(1835,4,1,'2017-07-25 10:32:44',96),(1836,1,1,'2017-07-25 10:45:56',97),(1837,1,1,'2017-07-25 10:46:08',98),(1838,1,1,'2017-07-25 10:48:53',99),(1839,4,1,'2017-07-25 10:50:37',0),(1840,4,1,'2017-07-25 11:00:18',1),(1841,5,1,'2017-07-25 11:20:48',2),(1842,5,1,'2017-07-25 11:38:22',3),(1843,1,1,'2017-07-25 11:40:31',4),(1844,4,1,'2017-07-25 11:40:32',5),(1845,1,1,'2017-07-25 12:19:48',6),(1846,1,1,'2017-07-25 12:19:57',7),(1847,1,1,'2017-07-25 12:20:05',8),(1848,5,1,'2017-07-25 12:20:34',9),(1849,4,1,'2017-07-25 12:21:27',10),(1850,1,1,'2017-07-25 12:30:01',11),(1851,5,1,'2017-07-26 09:24:43',12),(1852,6,1,'2017-07-26 09:25:13',13),(1853,5,1,'2017-07-26 09:25:17',14),(1854,6,1,'2017-07-26 10:14:03',15),(1855,10,1,'2017-07-26 10:16:40',16),(1856,10,1,'2017-07-26 10:17:20',17),(1857,10,1,'2017-07-26 10:38:48',18),(1858,10,1,'2017-07-26 11:07:59',19),(1859,10,1,'2017-07-26 11:08:23',20),(1860,10,1,'2017-07-26 11:09:09',21),(1861,10,1,'2017-07-26 11:09:15',22),(1862,10,1,'2017-07-26 11:09:21',23),(1863,10,1,'2017-07-26 11:17:26',24),(1864,6,1,'2017-07-26 11:43:02',25),(1865,6,1,'2017-07-26 11:43:04',26),(1866,6,1,'2017-07-26 11:43:08',27),(1867,10,1,'2017-07-26 11:48:35',28),(1868,6,1,'2017-07-26 12:17:55',29),(1869,1,1,'2017-07-27 08:50:46',35),(1870,1,1,'2017-07-27 09:24:15',36),(1871,1,1,'2017-07-27 09:24:24',37),(1872,1,1,'2017-07-27 10:32:31',38),(1873,1,1,'2017-07-27 10:32:39',39),(1874,5,1,'2017-07-27 11:11:52',40),(1875,5,1,'2017-07-27 11:12:37',41),(1876,5,1,'2017-07-27 11:12:38',42),(1877,1,1,'2017-07-27 11:32:19',43),(1878,1,1,'2017-07-27 11:34:51',44),(1879,1,1,'2017-07-27 11:34:54',45),(1880,1,1,'2017-07-27 11:34:57',46),(1881,1,1,'2017-07-27 12:13:14',47),(1882,1,1,'2017-07-27 12:16:24',48),(1883,1,1,'2017-07-27 12:16:25',49),(1884,1,1,'2017-07-27 12:16:28',50),(1885,9,1,'2017-07-27 12:17:12',51),(1886,1,1,'2017-07-27 12:17:38',52),(1887,1,1,'2017-07-28 08:46:09',53),(1888,1,1,'2017-07-28 09:03:44',54),(1889,5,1,'2017-07-28 09:27:23',55),(1890,1,1,'2017-07-28 09:29:22',56),(1891,1,1,'2017-07-28 09:35:57',57),(1892,1,1,'2017-07-28 09:38:08',58),(1893,1,1,'2017-07-28 09:38:15',59),(1894,1,1,'2017-07-28 09:38:20',60),(1895,1,1,'2017-07-28 09:38:24',61),(1896,10,1,'2017-07-28 09:39:57',62),(1897,10,1,'2017-07-28 09:40:15',63),(1898,10,1,'2017-07-28 09:42:09',64),(1899,5,1,'2017-07-28 10:08:26',65),(1900,5,1,'2017-07-28 10:08:57',66),(1901,10,1,'2017-07-28 10:23:51',67),(1902,5,1,'2017-07-28 10:37:53',68),(1903,5,1,'2017-07-28 10:38:02',69),(1904,5,1,'2017-07-28 10:58:52',70),(1905,5,1,'2017-07-28 10:59:03',71),(1906,5,1,'2017-07-28 10:59:10',72),(1907,6,1,'2017-07-28 11:12:00',73),(1908,6,1,'2017-07-28 11:12:00',74),(1909,5,1,'2017-07-28 11:12:02',75),(1910,5,1,'2017-07-28 11:12:17',76),(1911,5,1,'2017-07-28 11:23:30',77),(1912,5,1,'2017-07-28 11:23:40',78),(1913,5,1,'2017-07-28 11:23:52',79),(1914,5,1,'2017-07-28 11:34:36',80),(1915,1,1,'2017-07-31 09:22:00',77),(1916,1,1,'2017-07-31 09:58:48',78),(1917,1,1,'2017-07-31 10:11:06',79),(1918,6,1,'2017-07-31 10:33:00',80),(1919,6,1,'2017-07-31 10:33:02',81),(1920,6,1,'2017-07-31 10:33:04',82),(1921,6,1,'2017-07-31 10:33:06',83),(1922,6,1,'2017-07-31 10:33:40',84),(1923,10,1,'2017-07-31 10:45:09',85),(1924,10,1,'2017-07-31 10:45:44',86),(1925,10,1,'2017-07-31 10:45:45',87),(1926,10,1,'2017-07-31 10:45:47',88),(1927,10,1,'2017-07-31 11:03:24',89),(1928,10,1,'2017-07-31 11:08:46',90),(1929,6,1,'2017-07-31 11:19:48',91),(1930,6,1,'2017-07-31 11:19:49',92),(1931,1,1,'2017-07-31 11:28:58',93),(1932,1,1,'2017-07-31 11:29:30',94),(1933,1,1,'2017-07-31 11:29:37',95),(1934,1,1,'2017-07-31 11:29:45',96),(1935,10,1,'2017-07-31 12:05:27',97),(1936,1,1,'2017-07-31 12:05:42',98),(1937,10,1,'2017-07-31 12:12:40',99),(1938,10,1,'2017-07-31 12:13:05',0),(1939,1,1,'2017-08-01 09:26:41',4),(1940,1,1,'2017-08-01 10:38:26',5),(1941,1,1,'2017-08-01 10:38:35',15),(1942,1,1,'2017-08-01 11:32:16',16),(1943,1,1,'2017-08-01 11:32:27',17),(1944,1,1,'2017-08-01 11:32:32',18),(1945,1,1,'2017-08-01 12:35:54',19),(1946,1,1,'2017-08-01 12:36:02',20),(1947,1,1,'2017-08-01 12:36:06',21),(1948,1,1,'2017-08-01 12:36:09',22),(1949,1,1,'2017-08-01 12:36:13',23),(1950,6,1,'2017-08-02 09:22:55',12),(1951,6,1,'2017-08-02 09:24:47',13),(1952,6,1,'2017-08-02 09:29:57',14),(1953,6,1,'2017-08-02 09:40:24',32),(1954,6,1,'2017-08-02 09:40:30',33),(1955,6,1,'2017-08-02 09:40:30',34),(1956,6,1,'2017-08-02 09:40:49',32),(1957,6,1,'2017-08-02 09:52:04',33),(1958,4,1,'2017-08-02 10:01:05',34),(1959,4,1,'2017-08-02 10:55:48',35),(1960,6,1,'2017-08-02 12:08:39',36),(1961,6,1,'2017-08-02 12:08:40',37),(1962,6,1,'2017-08-02 12:08:45',38),(1963,6,1,'2017-08-02 12:08:47',39),(1964,4,1,'2017-08-02 12:25:57',40),(1965,1,1,'2017-08-03 09:04:20',41),(1966,1,1,'2017-08-03 09:04:24',42),(1967,1,1,'2017-08-03 09:04:26',43),(1968,1,1,'2017-08-03 09:04:28',44),(1969,1,1,'2017-08-03 09:25:23',45),(1970,4,1,'2017-08-03 09:28:26',46),(1971,1,1,'2017-08-03 09:49:52',47),(1972,4,1,'2017-08-03 10:00:10',48),(1973,1,1,'2017-08-03 10:32:35',49),(1974,1,1,'2017-08-03 11:36:28',50),(1975,1,1,'2017-08-03 11:36:36',51),(1976,1,1,'2017-08-03 11:36:42',52),(1977,1,1,'2017-08-03 11:50:31',53),(1978,1,1,'2017-08-03 11:55:32',54),(1979,1,1,'2017-08-03 12:15:57',55),(1980,1,1,'2017-08-03 12:16:03',56),(1981,1,1,'2017-08-03 12:16:27',57),(1982,1,1,'2017-08-03 12:16:30',58),(1983,1,1,'2017-08-03 12:16:32',59),(1984,1,1,'2017-08-03 12:36:21',60),(1985,1,1,'2017-08-03 12:36:50',61),(1986,1,1,'2017-08-03 12:36:50',62),(1987,1,1,'2017-08-03 12:36:52',63),(1988,4,1,'2017-08-04 09:34:59',64),(1989,1,1,'2017-08-04 09:47:23',65),(1990,4,1,'2017-08-04 09:50:36',66),(1991,4,1,'2017-08-04 10:18:37',67),(1992,4,1,'2017-08-04 10:37:06',68),(1993,5,1,'2017-08-04 10:37:44',69),(1994,5,1,'2017-08-04 10:46:38',70),(1995,5,1,'2017-08-04 10:46:57',71),(1996,4,1,'2017-08-04 10:51:23',72),(1997,4,1,'2017-08-04 10:56:53',73),(1998,5,1,'2017-08-04 10:57:32',74),(1999,4,1,'2017-08-04 11:05:23',75),(2000,4,1,'2017-08-04 11:05:59',76),(2001,5,1,'2017-08-04 11:06:23',77),(2002,4,1,'2017-08-04 11:47:55',78),(2003,1,1,'2017-08-04 11:51:06',79),(2004,1,1,'2017-08-04 11:59:26',80),(2005,4,1,'2017-08-04 12:32:43',81),(2006,4,1,'2017-08-04 12:33:06',82),(2007,4,1,'2017-08-04 12:33:07',83),(2008,4,1,'2017-08-04 12:33:09',84),(2009,4,1,'2017-08-04 12:33:11',85),(2010,4,1,'2017-08-04 12:33:13',86),(2011,4,1,'2017-08-04 12:33:16',87),(2012,4,1,'2017-08-07 09:44:34',88),(2013,4,1,'2017-08-07 09:44:38',89),(2014,3,1,'2017-08-07 09:48:27',90),(2015,4,1,'2017-08-07 09:50:18',91),(2016,4,1,'2017-08-07 10:08:22',92),(2017,5,1,'2017-08-07 10:18:51',93),(2018,5,1,'2017-08-07 10:19:22',94),(2019,5,1,'2017-08-07 10:19:23',95),(2020,5,1,'2017-08-07 10:22:15',96),(2021,4,1,'2017-08-07 10:27:23',97),(2022,3,1,'2017-08-07 10:40:18',98),(2023,6,1,'2017-08-07 10:59:23',99),(2024,4,1,'2017-08-07 11:04:12',0),(2025,6,1,'2017-08-07 11:05:53',1),(2026,6,1,'2017-08-07 11:06:11',2),(2027,6,1,'2017-08-07 11:06:11',3),(2028,6,1,'2017-08-07 11:06:13',4),(2029,6,1,'2017-08-07 11:06:16',5),(2030,6,1,'2017-08-07 11:06:18',6),(2031,4,1,'2017-08-07 11:09:24',7),(2032,3,1,'2017-08-07 11:14:55',8),(2033,4,1,'2017-08-07 11:51:34',9),(2034,4,1,'2017-08-07 11:51:59',10),(2035,4,1,'2017-08-07 11:52:16',11),(2036,6,1,'2017-08-07 12:07:07',12),(2037,6,1,'2017-08-07 12:07:38',13),(2038,6,1,'2017-08-07 12:07:39',14),(2039,6,1,'2017-08-07 12:07:53',15),(2040,4,1,'2017-08-07 12:08:10',16),(2041,4,1,'2017-08-07 12:15:05',17),(2042,3,1,'2017-08-07 12:22:04',18),(2043,4,1,'2017-08-08 11:06:26',19),(2044,4,1,'2017-08-08 11:06:27',20),(2045,4,1,'2017-08-08 11:06:30',21),(2046,4,1,'2017-08-08 11:06:32',22),(2047,4,1,'2017-08-08 11:06:35',23),(2048,4,1,'2017-08-08 11:06:44',24),(2049,4,1,'2017-08-08 11:25:50',25),(2050,4,1,'2017-08-08 11:25:56',26),(2051,4,1,'2017-08-08 12:35:00',27),(2052,4,1,'2017-08-08 12:35:06',28),(2053,4,1,'2017-08-08 12:35:09',29),(2054,4,1,'2017-08-08 12:35:11',30),(2055,4,1,'2017-08-08 12:35:13',31),(2056,4,1,'2017-08-08 12:35:15',32),(2057,4,1,'2017-08-08 12:52:56',33),(2058,4,1,'2017-08-08 12:52:57',34),(2059,4,1,'2017-08-08 12:53:08',35),(2060,3,1,'2017-08-09 09:15:58',36),(2061,3,1,'2017-08-09 09:34:51',37),(2062,6,1,'2017-08-09 09:35:13',38),(2063,6,1,'2017-08-09 09:45:29',37),(2064,6,1,'2017-08-09 09:52:42',38),(2065,10,1,'2017-08-09 10:08:33',39),(2066,6,1,'2017-08-09 10:09:00',40),(2067,3,1,'2017-08-09 10:21:09',41),(2068,10,1,'2017-08-09 10:38:44',42),(2069,10,1,'2017-08-09 10:39:05',43),(2070,6,1,'2017-08-09 10:40:33',44),(2071,6,1,'2017-08-09 10:55:28',42),(2072,6,1,'2017-08-09 11:01:02',43),(2073,3,1,'2017-08-09 11:01:45',44),(2074,6,1,'2017-08-09 11:16:19',45),(2075,10,1,'2017-08-09 11:19:50',46),(2076,10,1,'2017-08-09 11:20:37',47),(2077,3,1,'2017-08-09 11:37:30',48),(2078,3,1,'2017-08-09 11:37:33',49),(2079,10,1,'2017-08-09 11:39:49',50),(2080,3,1,'2017-08-09 11:51:15',51),(2081,6,1,'2017-08-09 12:20:35',52),(2082,4,1,'2017-08-10 10:14:24',53),(2083,4,1,'2017-08-10 10:16:05',54),(2084,4,1,'2017-08-10 11:16:39',55),(2085,4,1,'2017-08-10 11:16:59',56),(2086,4,1,'2017-08-10 11:17:00',57),(2087,4,1,'2017-08-10 11:17:02',58),(2088,4,1,'2017-08-10 11:40:33',59),(2089,4,1,'2017-08-11 09:14:55',60),(2090,4,1,'2017-08-11 09:15:17',61),(2091,4,1,'2017-08-11 09:15:20',62),(2092,4,1,'2017-08-11 09:15:24',63),(2093,6,1,'2017-08-11 09:19:18',63),(2094,4,1,'2017-08-11 09:20:51',64),(2095,6,1,'2017-08-11 09:43:20',65),(2096,4,1,'2017-08-11 09:48:21',66),(2097,4,1,'2017-08-11 09:53:36',67),(2098,4,1,'2017-08-11 10:03:40',68),(2099,4,1,'2017-08-11 10:12:07',69),(2100,4,1,'2017-08-11 10:31:26',70),(2101,4,1,'2017-08-11 10:54:10',71),(2102,4,1,'2017-08-11 11:01:11',72),(2103,4,1,'2017-08-11 11:05:01',73),(2104,4,1,'2017-08-11 11:05:05',74),(2105,4,1,'2017-08-11 11:05:13',75),(2106,4,1,'2017-08-11 11:05:16',76),(2107,4,1,'2017-08-11 11:05:18',77),(2108,4,1,'2017-08-11 11:05:21',78),(2109,4,1,'2017-08-11 11:32:23',79),(2110,4,1,'2017-08-11 12:11:32',80),(2111,4,1,'2017-08-11 12:11:49',81),(2112,4,1,'2017-08-11 12:12:35',82),(2113,4,1,'2017-08-11 12:12:36',83),(2114,4,1,'2017-08-11 12:12:43',84),(2115,4,1,'2017-08-11 12:15:25',85),(2116,6,1,'2017-08-11 12:16:19',86),(2117,6,1,'2017-08-11 12:16:21',87),(2118,4,1,'2017-08-14 09:08:12',88),(2119,1,1,'2017-08-14 09:08:23',89),(2120,4,1,'2017-08-14 09:08:26',90),(2121,4,1,'2017-08-14 10:05:12',91),(2122,4,1,'2017-08-14 10:05:31',92),(2123,1,1,'2017-08-14 10:11:57',93),(2124,1,1,'2017-08-14 10:12:06',94),(2125,4,1,'2017-08-14 10:29:21',95),(2126,4,1,'2017-08-14 10:40:28',96),(2127,4,1,'2017-08-14 10:47:27',97),(2128,4,1,'2017-08-14 10:57:31',98),(2129,4,1,'2017-08-14 10:57:59',99),(2130,4,1,'2017-08-14 10:58:04',0),(2131,1,1,'2017-08-14 11:33:18',1),(2132,4,1,'2017-08-14 11:36:14',2),(2133,1,1,'2017-08-14 11:36:15',3),(2134,4,1,'2017-08-14 11:37:31',4),(2135,4,1,'2017-08-14 11:45:29',5),(2136,4,1,'2017-08-14 11:46:23',6),(2137,4,1,'2017-08-14 11:49:31',7),(2138,1,1,'2017-08-14 12:07:26',8),(2139,4,1,'2017-08-14 12:19:10',9),(2140,4,1,'2017-08-14 12:37:11',10),(2141,6,1,'2017-08-16 09:32:51',11),(2142,6,1,'2017-08-16 09:32:52',12),(2143,6,1,'2017-08-16 09:42:20',13),(2144,4,1,'2017-08-16 09:48:21',14),(2145,6,1,'2017-08-16 10:10:22',15),(2146,6,1,'2017-08-16 10:24:39',16),(2147,6,1,'2017-08-16 10:29:46',17),(2148,6,1,'2017-08-16 10:31:56',18),(2149,4,1,'2017-08-16 10:33:13',19),(2150,10,1,'2017-08-16 10:41:55',20),(2151,10,1,'2017-08-16 11:00:25',21),(2152,10,1,'2017-08-16 11:11:35',22),(2153,10,1,'2017-08-16 11:23:14',23),(2154,4,1,'2017-08-16 11:24:40',24),(2155,6,1,'2017-08-16 11:34:18',25),(2156,6,1,'2017-08-16 11:35:25',24),(2157,6,1,'2017-08-16 12:34:48',25),(2158,6,1,'2017-08-16 12:34:53',26),(2159,6,1,'2017-08-16 12:37:17',27),(2160,1,1,'2017-08-17 09:02:46',28),(2161,1,1,'2017-08-17 09:02:47',29),(2162,1,1,'2017-08-17 09:44:01',30),(2163,1,1,'2017-08-17 09:44:09',31),(2164,1,1,'2017-08-17 11:31:34',32),(2165,1,1,'2017-08-17 11:31:40',33),(2166,1,1,'2017-08-17 11:32:34',37),(2167,1,1,'2017-08-17 12:24:59',38),(2168,1,1,'2017-08-18 09:15:37',49),(2169,4,1,'2017-08-18 10:16:27',50),(2170,1,1,'2017-08-18 10:25:40',51),(2171,1,1,'2017-08-18 10:25:47',52),(2172,4,1,'2017-08-18 10:32:16',53),(2173,4,1,'2017-08-18 10:44:10',54),(2174,4,1,'2017-08-18 10:47:56',55),(2175,4,1,'2017-08-18 11:40:59',56),(2176,1,1,'2017-08-18 11:44:21',57),(2177,1,1,'2017-08-18 11:44:26',58),(2178,1,1,'2017-08-18 11:44:33',59),(2179,1,1,'2017-08-18 11:44:34',60),(2180,1,1,'2017-08-18 11:44:48',61),(2181,1,1,'2017-08-18 11:44:50',62),(2182,1,1,'2017-08-18 11:48:56',63),(2183,1,1,'2017-08-18 11:48:59',64),(2184,1,1,'2017-08-18 11:49:00',65),(2185,4,1,'2017-08-18 12:07:11',66),(2186,4,1,'2017-08-18 12:34:17',67);
